USE imakulat_app;
-- phpMyAdmin SQL Dump
-- version 4.9.2
-- https://www.phpmyadmin.net/
--
-- Host: 127.0.0.1
-- Generation Time: Jan 06, 2020 at 10:59 PM
-- Server version: 10.4.10-MariaDB
-- PHP Version: 7.2.25

SET SQL_MODE = "NO_AUTO_VALUE_ON_ZERO";
SET AUTOCOMMIT = 0;
START TRANSACTION;
SET time_zone = "+00:00";


/*!40101 SET @OLD_CHARACTER_SET_CLIENT=@@CHARACTER_SET_CLIENT */;
/*!40101 SET @OLD_CHARACTER_SET_RESULTS=@@CHARACTER_SET_RESULTS */;
/*!40101 SET @OLD_COLLATION_CONNECTION=@@COLLATION_CONNECTION */;
/*!40101 SET NAMES utf8mb4 */;

--
-- Database: `imakulateeyeclinic`
--

-- --------------------------------------------------------

--
-- Table structure for table `casefiles`
--

CREATE TABLE `casefiles` (
  `id` int(10) UNSIGNED NOT NULL,
  `patient_id` int(10) UNSIGNED NOT NULL,
  `casehistory` mediumtext COLLATE utf8mb4_unicode_ci DEFAULT NULL,
  `systemic` mediumtext COLLATE utf8mb4_unicode_ci DEFAULT NULL,
  `family` varchar(191) COLLATE utf8mb4_unicode_ci DEFAULT NULL,
  `lasteyeexamination` varchar(191) COLLATE utf8mb4_unicode_ci DEFAULT NULL,
  `uvaod6m` varchar(191) COLLATE utf8mb4_unicode_ci DEFAULT NULL,
  `uvaos6m` varchar(191) COLLATE utf8mb4_unicode_ci DEFAULT NULL,
  `uvaod04m` varchar(191) COLLATE utf8mb4_unicode_ci DEFAULT NULL,
  `uvaos04m` varchar(191) COLLATE utf8mb4_unicode_ci DEFAULT NULL,
  `pinhholetestod` varchar(191) COLLATE utf8mb4_unicode_ci DEFAULT NULL,
  `pinholetestos` varchar(191) COLLATE utf8mb4_unicode_ci DEFAULT NULL,
  `stenopaicdiscod` varchar(191) COLLATE utf8mb4_unicode_ci DEFAULT NULL,
  `stenopaicdiscos` varchar(191) COLLATE utf8mb4_unicode_ci DEFAULT NULL,
  `avaod6m` varchar(191) COLLATE utf8mb4_unicode_ci DEFAULT NULL,
  `avaos6m` varchar(191) COLLATE utf8mb4_unicode_ci DEFAULT NULL,
  `avaod04m` varchar(191) COLLATE utf8mb4_unicode_ci DEFAULT NULL,
  `avaos04m` varchar(191) COLLATE utf8mb4_unicode_ci DEFAULT NULL,
  `ppod` varchar(191) COLLATE utf8mb4_unicode_ci DEFAULT NULL,
  `ppos` varchar(191) COLLATE utf8mb4_unicode_ci DEFAULT NULL,
  `ee` mediumtext COLLATE utf8mb4_unicode_ci DEFAULT NULL,
  `uva6m` mediumtext COLLATE utf8mb4_unicode_ci DEFAULT NULL,
  `ue` mediumtext COLLATE utf8mb4_unicode_ci DEFAULT NULL,
  `ie` mediumtext COLLATE utf8mb4_unicode_ci DEFAULT NULL,
  `prefferedeye` varchar(191) COLLATE utf8mb4_unicode_ci DEFAULT NULL,
  `bloodpressure` varchar(191) COLLATE utf8mb4_unicode_ci DEFAULT NULL,
  `bloodsugar` varchar(191) COLLATE utf8mb4_unicode_ci DEFAULT NULL,
  `age` varchar(191) COLLATE utf8mb4_unicode_ci DEFAULT NULL,
  `weight` varchar(191) COLLATE utf8mb4_unicode_ci DEFAULT NULL,
  `tonometryod` varchar(191) COLLATE utf8mb4_unicode_ci DEFAULT NULL,
  `tonometryos` varchar(191) COLLATE utf8mb4_unicode_ci DEFAULT NULL,
  `time` varchar(191) COLLATE utf8mb4_unicode_ci DEFAULT NULL,
  `anaesthetics` varchar(191) COLLATE utf8mb4_unicode_ci DEFAULT NULL,
  `autorefractometryod` varchar(191) COLLATE utf8mb4_unicode_ci DEFAULT NULL,
  `autorefractometryos` varchar(191) COLLATE utf8mb4_unicode_ci DEFAULT NULL,
  `staticretinoscopyod` varchar(191) COLLATE utf8mb4_unicode_ci DEFAULT NULL,
  `staticretinoscopyos` varchar(191) COLLATE utf8mb4_unicode_ci DEFAULT NULL,
  `subjectiveod` varchar(191) COLLATE utf8mb4_unicode_ci DEFAULT NULL,
  `subjectiveos` varchar(191) COLLATE utf8mb4_unicode_ci DEFAULT NULL,
  `staticretinoscopyadd` varchar(191) COLLATE utf8mb4_unicode_ci DEFAULT NULL,
  `spectacleprescriptionod` varchar(191) COLLATE utf8mb4_unicode_ci DEFAULT NULL,
  `spectacleprescriptionos` varchar(191) COLLATE utf8mb4_unicode_ci DEFAULT NULL,
  `pd` varchar(191) COLLATE utf8mb4_unicode_ci DEFAULT NULL,
  `dist` varchar(191) COLLATE utf8mb4_unicode_ci DEFAULT NULL,
  `near` varchar(191) COLLATE utf8mb4_unicode_ci DEFAULT NULL,
  `bifocal` varchar(191) COLLATE utf8mb4_unicode_ci DEFAULT NULL,
  `vanilux` varchar(191) COLLATE utf8mb4_unicode_ci DEFAULT NULL,
  `typesoflenses` varchar(191) COLLATE utf8mb4_unicode_ci DEFAULT NULL,
  `thinnerlenses` varchar(191) COLLATE utf8mb4_unicode_ci DEFAULT NULL,
  `antireflectivelenses` varchar(191) COLLATE utf8mb4_unicode_ci DEFAULT NULL,
  `photochronic` varchar(191) COLLATE utf8mb4_unicode_ci DEFAULT NULL,
  `sunglasses` varchar(191) COLLATE utf8mb4_unicode_ci DEFAULT NULL,
  `tint` varchar(191) COLLATE utf8mb4_unicode_ci DEFAULT NULL,
  `nextappointment` varchar(191) COLLATE utf8mb4_unicode_ci DEFAULT NULL,
  `doctorsname` varchar(191) COLLATE utf8mb4_unicode_ci DEFAULT NULL,
  `additionaltestsandcomments` mediumtext COLLATE utf8mb4_unicode_ci DEFAULT NULL,
  `assessmentplan` mediumtext COLLATE utf8mb4_unicode_ci DEFAULT NULL,
  `diagnosis` varchar(191) COLLATE utf8mb4_unicode_ci DEFAULT NULL,
  `created_at` timestamp NULL DEFAULT NULL,
  `updated_at` timestamp NULL DEFAULT NULL
) ENGINE=InnoDB DEFAULT CHARSET=utf8mb4 COLLATE=utf8mb4_unicode_ci;

--
-- Dumping data for table `casefiles`
--

INSERT INTO `casefiles` (`id`, `patient_id`, `casehistory`, `systemic`, `family`, `lasteyeexamination`, `uvaod6m`, `uvaos6m`, `uvaod04m`, `uvaos04m`, `pinhholetestod`, `pinholetestos`, `stenopaicdiscod`, `stenopaicdiscos`, `avaod6m`, `avaos6m`, `avaod04m`, `avaos04m`, `ppod`, `ppos`, `ee`, `uva6m`, `ue`, `ie`, `prefferedeye`, `bloodpressure`, `bloodsugar`, `age`, `weight`, `tonometryod`, `tonometryos`, `time`, `anaesthetics`, `autorefractometryod`, `autorefractometryos`, `staticretinoscopyod`, `staticretinoscopyos`, `subjectiveod`, `subjectiveos`, `staticretinoscopyadd`, `spectacleprescriptionod`, `spectacleprescriptionos`, `pd`, `dist`, `near`, `bifocal`, `vanilux`, `typesoflenses`, `thinnerlenses`, `antireflectivelenses`, `photochronic`, `sunglasses`, `tint`, `nextappointment`, `doctorsname`, `additionaltestsandcomments`, `assessmentplan`, `diagnosis`, `created_at`, `updated_at`) VALUES
(1, 8, '<p>CC: feeling stone in RE\' severe HA started 2-3 weeks ago.</p>', '<p>nhas DM and HBP</p>', 'null', 'null', NULL, NULL, NULL, NULL, NULL, NULL, NULL, NULL, NULL, NULL, NULL, NULL, NULL, NULL, '<p>OD: PERRLA, Arcus senselis, poliosis</p><p><br></p><p>\r\n\r\nOS: White reflex, PERRLA, Arcus senselis, poliosis\r\n\r\n<br></p>', NULL, NULL, '<p>OPHTHALMOSCOPY&nbsp;</p><p>OD: NAD</p><p>OS: No view&nbsp;</p><p><br></p><p>DFE&nbsp;</p><p>OD: ARD</p><p>OS: Lens opacity</p>', 'RE', '140/90', NULL, '64', '56KG', NULL, NULL, NULL, NULL, NULL, NULL, NULL, NULL, NULL, NULL, NULL, NULL, NULL, NULL, NULL, NULL, NULL, NULL, NULL, NULL, NULL, NULL, NULL, NULL, NULL, 'DR Imasua K. U', NULL, '<p>1. gutt artificial tears i qds x 1/12</p><p>2. tab prednisolone 5mg daily x 5/7</p><p>3. tab vit v ii tds x1/12</p><p>4. tab vit Bco i daily x 2/525.&nbsp;</p><p>5. To do ECCE and refraction thereafter</p>', 'LE Matured Cataract', '2019-12-15 15:57:21', '2019-12-15 16:07:25'),
(2, 1, '<p>CC: Wants new fraame and lens transferred.</p>', NULL, NULL, NULL, NULL, NULL, NULL, NULL, NULL, NULL, NULL, NULL, NULL, NULL, NULL, NULL, NULL, NULL, NULL, NULL, NULL, NULL, NULL, NULL, NULL, NULL, NULL, NULL, NULL, NULL, NULL, NULL, NULL, NULL, NULL, NULL, NULL, NULL, NULL, NULL, NULL, NULL, NULL, NULL, NULL, NULL, NULL, NULL, NULL, NULL, NULL, NULL, NULL, NULL, NULL, NULL, '2019-12-15 16:03:39', '2019-12-15 16:03:39'),
(3, 9, '<p>CC: Wants new frame and lens transfer</p>', NULL, NULL, NULL, NULL, NULL, NULL, NULL, NULL, NULL, NULL, NULL, NULL, NULL, NULL, NULL, NULL, NULL, NULL, NULL, NULL, NULL, NULL, NULL, NULL, NULL, NULL, NULL, NULL, NULL, NULL, NULL, NULL, NULL, NULL, NULL, NULL, NULL, NULL, NULL, NULL, NULL, NULL, NULL, NULL, NULL, NULL, NULL, NULL, NULL, NULL, NULL, 'Dr Imasua KU', NULL, NULL, NULL, '2019-12-17 01:40:54', '2019-12-17 01:40:54'),
(4, 10, '<p>CC: Vision is not as bright as before. Can\'t read tiny prints.</p>', NULL, NULL, NULL, NULL, NULL, '6/9', '6/9', NULL, NULL, NULL, NULL, NULL, NULL, NULL, NULL, NULL, NULL, '<p>OU: PERRLA, Pterygium</p>', NULL, NULL, '<p>OPHTHALMOSCOPY &nbsp; &nbsp; &nbsp;OU: 0.2</p>', NULL, NULL, NULL, '43', '72KG', NULL, NULL, NULL, NULL, NULL, NULL, NULL, NULL, 'PLANO', 'PLANO', '+1.25DS', NULL, NULL, NULL, NULL, NULL, NULL, NULL, NULL, NULL, NULL, NULL, NULL, NULL, NULL, 'DR KELVIN KU', NULL, '<p>1. Gutt occullerge qds x 1/12 (OU)</p><p>2.To bring her frame and lens for transfer and tinting</p>', 'PRESBYOPIA', '2019-12-17 02:11:57', '2019-12-17 02:11:57'),
(5, 11, '<p>CC: Checkup. old glasses are expired.Needs glasses for reading.</p><p><br></p>', NULL, NULL, NULL, '6/12', '6/12 +2', NULL, NULL, NULL, NULL, NULL, NULL, NULL, NULL, NULL, NULL, NULL, NULL, '<p>OU:PERRLA</p>', NULL, NULL, '<p>OPHTHALMOSCOPY<br>OU:75% cupped disc</p><p><br></p>', NULL, NULL, NULL, '55years', NULL, NULL, NULL, NULL, NULL, NULL, NULL, NULL, NULL, '+0.50                           VA 6/9', '+0.50                              VA 6/9', '+2.50DS', NULL, NULL, NULL, NULL, NULL, NULL, NULL, NULL, NULL, NULL, NULL, NULL, NULL, NULL, 'DR Imasua K. U', '<p>Dx:-Glaucoma (ou)</p><p>-hyperopic presbyopia</p><p><br></p><p><br></p>', '<p>1.Get glassess</p><p>2.Gutt Ciprofloxacin i bd x1/12(ou)</p><p>3.Gutt Timolol i bd x 1/12(ou)</p>', NULL, '2019-12-17 06:19:30', '2019-12-17 06:19:30'),
(6, 11, '<p>CC: Checkup. old glasses are expired.Needs glasses for reading.</p><p><br></p>', NULL, NULL, NULL, '6/12', '6/12 +2', NULL, NULL, NULL, NULL, NULL, NULL, NULL, NULL, NULL, NULL, NULL, NULL, '<p>OU:PERRLA</p>', NULL, NULL, '<p>OPHTHALMOSCOPY<br>OU:75% cupped disc</p><p><br></p>', NULL, NULL, NULL, '55years', NULL, NULL, NULL, NULL, NULL, NULL, NULL, NULL, NULL, '+0.50                           VA 6/9', '+0.50                              VA 6/9', '+2.50DS', NULL, NULL, NULL, NULL, NULL, NULL, NULL, NULL, NULL, NULL, NULL, NULL, NULL, NULL, 'DR Imasua K. U', '<p>Dx:-Glaucoma (ou)</p><p>-hyperopic presbyopia</p><p><br></p><p><br></p>', '<p>1.Get glassess</p><p>2.Gutt Ciprofloxacin i bd x1/12(ou)</p><p>3.Gutt Timolol i bd x 1/12(ou)</p>', NULL, '2019-12-17 06:19:31', '2019-12-17 06:19:31'),
(7, 12, '<p>CC:Can\'t see well with BE, started 3weeks ago.Used some unidentifiable medications. No pain, no itching, no tearing</p>', NULL, NULL, 'First eye examination', '6/9-', '6/12 +2', 'N12', 'N12', NULL, NULL, NULL, NULL, NULL, NULL, NULL, NULL, NULL, NULL, '<p>OU:PERRLA</p>', NULL, NULL, '<p>OPHTHALMOSCOPY:</p><p>OU: NAD (0.1)</p>', NULL, NULL, NULL, NULL, NULL, NULL, NULL, NULL, NULL, NULL, NULL, NULL, NULL, 'PLANO', 'PLANO', '+1.25DS', NULL, NULL, NULL, NULL, NULL, NULL, NULL, NULL, NULL, NULL, NULL, NULL, NULL, NULL, 'DR Imasua K. U', NULL, '<p>1.Get glasses</p><p>2.Gutt occullerge i tds x 1/12 (ou)</p>', 'PRESBYOPIA', '2019-12-17 06:35:25', '2019-12-17 06:35:25'),
(8, 13, '<p>CC:Saw blood particles in RE about 2 months ago.Both eyes are red , discharges every morning , no itching , feels pains when water enters his eyes. No medications used.</p>', NULL, NULL, NULL, '6/6-', '6/6-', NULL, NULL, NULL, NULL, NULL, NULL, NULL, NULL, NULL, NULL, NULL, NULL, '<p>RE-ptosis ,PERRLA , black spots at the limbus.</p><p>LE-ptosis ,PERRLA ,redness.</p>', NULL, NULL, '<p>OPHTHALMOSCOPY</p><p>OU:0.3</p><p>DFE:RE only :NAD</p>', NULL, NULL, NULL, '25years', NULL, NULL, NULL, NULL, NULL, NULL, NULL, NULL, NULL, NULL, NULL, NULL, NULL, NULL, NULL, NULL, NULL, NULL, NULL, NULL, NULL, NULL, NULL, NULL, NULL, 'RTC X1/52', 'DR Imasua K. U', NULL, '<p>1.Instilled mydracyl in RE only.</p><p>2.Gutt ciprofloxacin i qds x1/12 (ou).</p><p>3.Gutt dexamethasone Neomycin.</p><p>4.Tab vitamin E ii tds.</p><p>5.Tab vitamin B complex i daily x 1/52.</p><p>21 MAY 2018</p><p>CC:Checkup</p><p>1.continue with medications.</p>', 'Chronic bacteria conjunctivitis.', '2019-12-18 03:14:27', '2019-12-18 03:14:27'),
(9, 14, '<p>CC:Itching (ou) , started long ago. Blurred vision , uses piritin but still reoccurs. Was given glasses 3-4 years ago at( screening) ,and used eyedrop a year ago.</p>', NULL, NULL, NULL, NULL, NULL, NULL, NULL, NULL, NULL, NULL, NULL, NULL, NULL, NULL, NULL, NULL, NULL, '<p>OU:PERRLA</p>', NULL, NULL, '<p>OPHTHALMOSCOPY</p><p>OU:0.3</p>', NULL, NULL, NULL, '35years', NULL, NULL, NULL, NULL, NULL, NULL, NULL, NULL, NULL, '-0.50         VA 6/6', '-0.50           VA 6/6', NULL, NULL, NULL, NULL, NULL, NULL, NULL, NULL, NULL, NULL, NULL, NULL, NULL, NULL, NULL, 'DR Imasua K. U', NULL, '<p>1.Get tinted glasses.</p><p>2.Gutt occullerge i tds x1/12 (ou).</p>', '1. Myopia. 2. Allergy.', '2019-12-18 03:29:55', '2019-12-18 03:34:37'),
(10, 15, '<p>CC:Can\'r read tiny prints.</p>', NULL, NULL, NULL, '6/6', '6/6', NULL, NULL, NULL, NULL, NULL, NULL, NULL, NULL, NULL, NULL, NULL, NULL, '<p>OU:PERRLA.</p>', NULL, NULL, '<p>OPHTHALMOSCOPY</p><p>0.1/NAD</p>', NULL, NULL, NULL, '41years', NULL, NULL, NULL, NULL, NULL, NULL, NULL, NULL, NULL, 'PLANO', 'PLANO', '+1.25       VA    Ns', NULL, NULL, NULL, NULL, NULL, NULL, NULL, NULL, NULL, NULL, NULL, NULL, NULL, NULL, 'DR Imasua K. U', NULL, '<p>1.Get glasses.</p>', 'Presbyopia', '2019-12-18 03:43:35', '2019-12-18 03:43:35'),
(11, 16, '<p>CC:Feels dizzy without glasses .Tearing when flying bike . No pain , no discharge , no itching. Got glasses last year January at Romee Eye clinic Warri. Feels her glasses isn\'t as clear as when she got it. &nbsp;Reacts to bright light.</p>', NULL, NULL, NULL, '6/60-', '6/60-', NULL, NULL, NULL, NULL, NULL, NULL, '6/24-', '6/24', NULL, NULL, NULL, NULL, '<p>OU:Slight redness/PERRLA.</p>', NULL, NULL, '<p>OPHTHALMOSCOPY.</p><p>OU:slight cupping.</p><p>Myopia cupping.</p>', NULL, NULL, NULL, '18years', NULL, NULL, NULL, NULL, NULL, NULL, NULL, NULL, NULL, '-3.00        VA   6/12', '-3.00         VA   6/6', NULL, NULL, NULL, NULL, NULL, NULL, NULL, NULL, NULL, NULL, NULL, NULL, NULL, NULL, NULL, 'DR Imasua K. U', NULL, '<p>1.Get transition lenses.</p>', 'Myopia', '2019-12-18 04:00:59', '2019-12-18 04:00:59'),
(12, 17, '<p>CC:Severe itching &nbsp;,sandy sensation ,can\'t read tiny prints. Started 2years ago. &nbsp;Reacts extensively to light.</p>', NULL, NULL, NULL, '6/6-3', '6/9+', NULL, NULL, NULL, NULL, NULL, NULL, NULL, NULL, NULL, NULL, NULL, NULL, '<p>OU:PERRLA/pterygium.</p>', NULL, NULL, '<p>OPHTHALMOSCOPY.</p><p>OU:0.3</p>', NULL, NULL, NULL, '43years', NULL, NULL, NULL, NULL, NULL, NULL, NULL, NULL, NULL, 'PLANO       VA 6/6', 'PLANO         VA 6/6', '+1.50DS         Ns', NULL, NULL, NULL, NULL, NULL, NULL, NULL, NULL, NULL, NULL, NULL, NULL, NULL, NULL, 'DR Imasua K. U', NULL, '<p>1.Gutt Dexaneomycin i tds x 1/12 (ou).</p><p>2.Get glasses.</p><p>3.Tab vitamin b-complex i daily x 1/52.</p><p>4.Tab vitamin c ii x 1/12.</p>', '1.pterygium.2.Allergy conjunctivitis.3.presbyopia.', '2019-12-18 04:15:28', '2019-12-18 04:15:28'),
(13, 18, '<p>CC:Falling lenses. It been long she had her eyes checked. Started using glassses 7years ago.</p>', NULL, NULL, 'LE Eye at Saint Peters (screening).', 'CF@3M', 'CF@3M', NULL, NULL, NULL, NULL, NULL, NULL, '6/9', '6/9', NULL, NULL, NULL, NULL, '<p>OU:PERRLA.</p>', NULL, NULL, '<p>OPHTHALMOSCOPY.</p><p>OU: &nbsp;Cupped (65%).</p>', NULL, NULL, NULL, '25years', NULL, NULL, NULL, NULL, NULL, NULL, NULL, NULL, NULL, '-6.50', '-6.50', NULL, NULL, NULL, NULL, NULL, NULL, NULL, NULL, NULL, NULL, NULL, NULL, NULL, NULL, NULL, 'DR Imasua K. U', NULL, '<p>1.Get glasses.</p><p>2.Gutt timolol i bd x 1/12(ou).</p>', 'Myopia.', '2019-12-18 04:26:58', '2019-12-18 04:26:58'),
(14, 19, '<p>CC:Itching and headache.</p>', NULL, NULL, NULL, '6/9', '6/9', NULL, NULL, NULL, NULL, NULL, NULL, NULL, NULL, NULL, NULL, NULL, NULL, '<p>OU:PERRLA.</p>', NULL, NULL, '<p>OPHTHALMOSCOPY.</p><p>OU:0.4. &nbsp; N.D/M/V.</p>', NULL, NULL, NULL, '66YEARS', NULL, NULL, NULL, NULL, NULL, NULL, NULL, NULL, NULL, '+0.50', '+0.50', '+2.50', NULL, NULL, NULL, NULL, NULL, NULL, NULL, NULL, NULL, NULL, NULL, NULL, NULL, NULL, 'DR Imasua K. U', NULL, '<p>1.Get glasses.</p><p>2.Gutt &nbsp;Occullerge i tds x 1/12 (ou).</p><p>3.Tab vitamin c ii tds x 1/52.</p>', NULL, '2019-12-18 04:36:49', '2019-12-18 04:36:49'),
(15, 20, '<p>CC: Had cataract operation (RE) January 2011 at Medical screening in Igbodo. Can\'t see clearly now , wants drugs to make her vision clearer. Mild pain , no itching , no discharge .</p>', NULL, NULL, NULL, '3/18', 'HM.', NULL, NULL, NULL, NULL, NULL, NULL, NULL, NULL, NULL, NULL, NULL, NULL, '<p>RE:Updrawn pupil.</p><p>LE:PERRLA.</p>', NULL, NULL, '<p>OPHTHALMOSCOPY</p><p>R-Hazy.</p><p>L-No view.</p><p>DFE:LE only:poor view/lens opacities.</p>', NULL, '140/90MmHg.', NULL, '60years', NULL, NULL, NULL, NULL, NULL, NULL, NULL, NULL, NULL, NULL, NULL, NULL, NULL, NULL, NULL, NULL, NULL, NULL, NULL, NULL, NULL, NULL, NULL, NULL, NULL, NULL, 'DR Imasua K. U', NULL, '<p>1.To do ECCE on LE.</p><p>2.Education and counselling.</p><p>3.Gutt Diclofenac i tds x 1/12 (ou).</p>', 'Matured cataract (LE).', '2019-12-18 04:52:48', '2019-12-18 04:52:48'),
(16, 21, '<p>CC: Pain , blur vision , tearing.</p><p><br></p>', NULL, NULL, NULL, NULL, NULL, NULL, NULL, NULL, NULL, NULL, NULL, NULL, NULL, NULL, NULL, '+1.00                .ADD  +2.25.', '+1.00                 .ADD +2.25.', '<p>OU:PERRLA.</p>', NULL, NULL, '<p>OPHTHALMOSCOPY.</p><p>OU:0.1.</p>', NULL, NULL, NULL, '55YEARS.', NULL, NULL, NULL, NULL, NULL, NULL, NULL, NULL, NULL, '+1.00            VA 6/12+', '+1.00           VA 6/12+', '+2.00.', NULL, NULL, NULL, NULL, NULL, NULL, NULL, NULL, NULL, NULL, NULL, NULL, NULL, '24 May ( x 1/52).', 'DR KELVIN K.U', NULL, '<p>1.Gutt Ciprofloxacin i qds x 1/12 (ou).</p><p>2.Gutt Diclosphere i tds x 1/12 (ou).</p><p>JUNE 18 2019.</p><p>1.Tab antioxidants i daily.</p><p>2 SEPTEMBER 2019.</p><p>1.Gutt cromsol i qds.</p><p>2.Gutt ciprofloxacin i &nbsp;bd.</p>', NULL, '2019-12-18 05:07:09', '2019-12-18 05:14:31'),
(17, 22, '<p>CC:Using glasses &nbsp;for some time but no longer comfortable &nbsp;with it .Got his last glasses 3-4months ago at a screening.</p>', NULL, NULL, NULL, NULL, NULL, NULL, NULL, NULL, NULL, NULL, NULL, NULL, NULL, NULL, NULL, NULL, NULL, '<p>OU:NAD</p>', NULL, NULL, '<p>OPHTHALMOSCOPY.</p><p>OU;NAD.</p>', 'LE', NULL, NULL, '48YEARS', NULL, NULL, NULL, NULL, NULL, 'R :+1.00-0.50 X 40.', 'L:+1.00.', NULL, NULL, 'PLANO', 'PLANO', '+2.00            VA  Ns.', NULL, NULL, NULL, NULL, NULL, NULL, NULL, NULL, NULL, NULL, NULL, NULL, NULL, NULL, 'DR Imasua K. U', NULL, '<p>1.Get glasses.</p><p>JANUARY 26 2019.</p><p>CHECKUP</p><p>1.Get new pair of lenses.</p><p>OCTOBER 2 2019.</p><p>1.Get glasses.</p>', NULL, '2019-12-19 01:47:31', '2019-12-19 02:02:47'),
(18, 23, '<p>CC:CHECK-UP.</p>', NULL, NULL, NULL, '6/6', '6/6', NULL, NULL, NULL, NULL, NULL, NULL, NULL, NULL, NULL, NULL, NULL, NULL, '<p>OU:NAD</p>', NULL, NULL, '<p>OPHTHALMOSCOPY.</p><p>OU:NAD.</p>', NULL, '100/60mmHg.', NULL, '48YEARS.', '57kg', NULL, NULL, NULL, NULL, '+0.50-0.5 x31.', '0.00.', NULL, NULL, 'PLANO', 'PLANO', '+2.25.', NULL, NULL, NULL, NULL, NULL, NULL, NULL, NULL, NULL, NULL, NULL, NULL, NULL, NULL, 'DR Imasua K. U', NULL, '<p>1.Get glasses.</p><p>MARCH 21 2019.</p><p>1.Get glasses</p><p>2.Gutt ciproptic i 2x daily.</p><p><br></p>', NULL, '2019-12-19 01:58:17', '2019-12-19 01:58:17'),
(19, 24, '<p>CC:Can\'t see well with the LE .Operated RE 2014. No pain ,no itching , no discharge.</p>', NULL, NULL, NULL, '6/36', 'HM.', NULL, NULL, NULL, NULL, NULL, NULL, NULL, NULL, NULL, NULL, NULL, NULL, '<p>OU:PERRLA.</p>', NULL, NULL, '<p>OPHTHALMOSCOPY.</p><p>R-Cupped 70%.</p><p>L-No view.</p><p><br></p>', NULL, '110/60mmHg', NULL, '60years', '48kg', NULL, NULL, NULL, NULL, NULL, NULL, NULL, NULL, NULL, NULL, NULL, NULL, NULL, NULL, NULL, NULL, NULL, NULL, NULL, NULL, NULL, NULL, NULL, NULL, NULL, 'DR Imasua K. U', NULL, '<p>1.Get Timolol i bd x1/12 (OU).</p><p>2.Tab vit b-complex i daily x 1/52.</p><p>3.Education and counselling.</p><p>4.Improve diet.</p><p>5.To do DFE on next visit.</p>', '1.Matured cataract (LE). 2.Glaucoma (ou).', '2019-12-19 02:16:31', '2019-12-19 02:16:31'),
(20, 25, '<p>CC:Difficulty while reading ,occ tearing , occ pain , occ itching , no discharge.Started long ago. Used chloramphenicol eye drop.</p>', NULL, NULL, 'First eye examination', '6/9-', '6/9-', NULL, NULL, NULL, NULL, NULL, NULL, NULL, NULL, NULL, NULL, NULL, NULL, '<p>OU:PERRLA.</p>', NULL, NULL, '<p>OPHTHALMOSCOPY.</p><p>&nbsp;OU:45% , Lamina cribosa seen.</p>', NULL, NULL, NULL, '20years', NULL, NULL, NULL, NULL, NULL, NULL, NULL, NULL, NULL, 'PLANO -0.25x90.', 'PLANO -0.25x90.', NULL, NULL, NULL, NULL, NULL, NULL, NULL, NULL, NULL, NULL, NULL, NULL, NULL, NULL, NULL, 'DR Imasua K. U', NULL, '<p>1.Get glasses.</p>', '1.Simple Myopia Astigmatism. (SMA).', '2019-12-19 02:27:14', '2019-12-19 02:27:14'),
(21, 26, '<p>CC:Poor vision (BE) .Started about 1 year ago. &nbsp;Visited Central hospital last month and was given drugs.</p>', NULL, NULL, NULL, '6/12-', '6/36', NULL, NULL, NULL, NULL, NULL, NULL, NULL, NULL, NULL, NULL, NULL, NULL, '<p>OD:PERRLA.</p><p>OS:RAPD/sluggish detri.</p>', NULL, NULL, '<p>OPHTHALMOSCOPY.</p><p>R- 70%.</p><p>L:80%.</p>', NULL, '130/86mmHg.', NULL, '52years', '49kg.', NULL, NULL, NULL, NULL, NULL, NULL, NULL, NULL, '+0.50            VA 6/6.', '+0.50               VA 6/36.', '+2.50                  Ns.', NULL, NULL, NULL, NULL, NULL, NULL, NULL, NULL, NULL, NULL, NULL, NULL, NULL, NULL, 'DR Imasua K. U', NULL, '<p>1.Education and counselling.</p><p>2.work on diet.</p><p>3.Gutt Timolol i bd x 1/12 (ou).</p><p>4.Tab vit. C ii tds x 1/52.</p><p>5.Tab vit.B complex i daily x 1/52.</p><p>6.Get glasses.</p>', '1.Hyperopic presbyope . 2. Glaucoma (ou).', '2019-12-19 02:41:45', '2019-12-19 02:41:45'),
(22, 27, '<p>CC:Can\'t see things afar .Started 2years ago. No pain , no itching , no tearing.</p>', NULL, NULL, NULL, '6/18-1', '6/18-1.', NULL, NULL, NULL, NULL, NULL, NULL, NULL, NULL, NULL, NULL, NULL, NULL, '<p>OU:PERRLA.</p>', NULL, NULL, '<p>OPHTHALMOSCOPY.</p><p>OU:60%.</p>', NULL, NULL, NULL, '23YEARS', NULL, NULL, NULL, NULL, NULL, NULL, NULL, NULL, NULL, '-1.75DS.             VA  6/9+1', '-1.75DS                  VA 6/6-1', NULL, NULL, NULL, NULL, NULL, NULL, NULL, NULL, NULL, NULL, NULL, NULL, NULL, NULL, NULL, 'DR Imasua K. U', NULL, '<p>1.Get glasses.</p><p>2.Gutt Timolol i bd x 1/12 daily.(ou).</p>', '1. Myopia.2.myopic cup/disc.', '2019-12-19 02:52:00', '2019-12-19 02:52:00'),
(23, 28, '<p>CC:Check-up. &nbsp;Wants new glasses.</p>', NULL, NULL, NULL, '6/12-2.', '6/36.', NULL, NULL, NULL, NULL, NULL, NULL, NULL, NULL, NULL, NULL, NULL, NULL, '<p>OU:PERRLA.</p>', NULL, NULL, '<p>OPHTHALMOSCOPY.</p><p>OU:0.45.</p>', NULL, '130/80mmHg', NULL, '54years.', '65kg', NULL, NULL, NULL, NULL, NULL, NULL, NULL, NULL, '+1.50           VA6/9.', '+2.00         VA6/6.', '+2.50                  Ns.', NULL, NULL, NULL, NULL, NULL, NULL, NULL, NULL, NULL, NULL, NULL, NULL, NULL, NULL, 'DR KELVIN K.U', NULL, '<p>1.Get glasses.</p>', NULL, '2019-12-19 02:59:58', '2019-12-19 02:59:58'),
(24, 29, '<p>CC:Checkup.Came to pick her tinted lenses. &nbsp;Had cataract operation 6months on her LE. &nbsp;Was told her eyes pressure is 20+mmHg and could be ocular &nbsp;hypertensive because her eye sight was very okay. &nbsp;Currently on Lasart eyedrop.</p>', NULL, NULL, NULL, NULL, NULL, NULL, NULL, NULL, NULL, NULL, NULL, NULL, NULL, NULL, NULL, NULL, NULL, '<p>OU</p>', NULL, NULL, '<p>OU:0.6.</p>', NULL, NULL, NULL, NULL, NULL, NULL, NULL, NULL, NULL, NULL, NULL, NULL, NULL, '+0.50            VA 6/9-', NULL, NULL, NULL, NULL, NULL, NULL, NULL, NULL, NULL, NULL, NULL, NULL, NULL, NULL, NULL, NULL, 'Dr Imasua KU', NULL, NULL, NULL, '2019-12-19 03:16:23', '2019-12-19 03:17:34'),
(25, 30, '<p>CC:Can\'t read tiny prints .Frequent headache.Statred 2years ago.</p>', NULL, NULL, 'First eye examination', '6/6', '6/6', NULL, NULL, NULL, NULL, NULL, NULL, NULL, NULL, NULL, NULL, NULL, NULL, '<p>OU:PERRLA.</p>', NULL, NULL, '<p>OPHTHALMOSCOPY</p><p>OU:Cupping (65%).</p>', NULL, '160/110mmHg.', NULL, '35years', '66kg.', NULL, NULL, NULL, NULL, NULL, NULL, NULL, NULL, 'PLANO', 'PLANO', '+1.25D.', NULL, NULL, NULL, NULL, NULL, NULL, NULL, NULL, NULL, NULL, NULL, NULL, NULL, NULL, 'DR Imasua K. U', NULL, '<p>1. Get glasses.</p><p>2.Gutt Timolol i bd x 1/12 (ou).</p><p>3.Rxd Nefedipine i daily x 1/52.</p>', NULL, '2019-12-19 03:26:45', '2019-12-19 03:26:45'),
(26, 31, '<p>CC:Tearing , itching(ou). Started long ago.</p>', NULL, NULL, NULL, '6/5', '6/6+', NULL, NULL, NULL, NULL, NULL, NULL, NULL, NULL, NULL, NULL, NULL, NULL, '<p>OU:PERRLA.</p>', NULL, NULL, '<p>OPHTHALMOSCOPY.</p><p>OU:0.35 @D/M/V.</p>', NULL, NULL, NULL, '20YEARS.', '50KG', NULL, NULL, NULL, NULL, NULL, NULL, NULL, NULL, NULL, NULL, NULL, NULL, NULL, NULL, NULL, NULL, NULL, NULL, NULL, NULL, NULL, NULL, NULL, NULL, NULL, 'DR Imasua K. U', NULL, '<p>1.Gutt Occullerge i tds x 1/12 (ou).</p><p>JULY 27 2019</p><p>1.Rxd Gutt Cromsol i tds x 2/52 (ou).</p>', '1.Allergy.', '2019-12-19 03:35:44', '2019-12-19 03:35:44'),
(27, 32, '<p>CC:Cant see far clearly &nbsp;.Started long ago. &nbsp;No pain , no itching, no discharge.</p>', NULL, NULL, 'First eye examination', '6/60', 'CF@1M', NULL, NULL, '6/18', 'N.I', NULL, NULL, NULL, NULL, NULL, NULL, NULL, NULL, '<p>OU:PERRLA.</p>', NULL, NULL, '<p>OPHTHALMOSCOPY.</p><p>R-0.3</p><p>L-0.3.</p><p>DFE:LE ONLY-0.3.</p>', NULL, NULL, NULL, '25YEARS', '77KG', NULL, NULL, NULL, NULL, NULL, NULL, NULL, NULL, '-2.00            VA 6/9', '-2.00             N.I', NULL, NULL, NULL, NULL, NULL, NULL, NULL, NULL, NULL, NULL, NULL, NULL, NULL, NULL, NULL, 'DR Imasua K. U', NULL, '<p>1.Get glasses.</p>', '1.Amblyopia(ou). 2.Myopia.', '2019-12-19 03:46:22', '2019-12-19 03:46:22'),
(28, 33, '<p>CC:OCC. Mild peppery sensation (BE). &nbsp;Frames are broken.</p>', NULL, NULL, NULL, '6/24-1', '6/60', NULL, NULL, NULL, NULL, NULL, NULL, NULL, NULL, NULL, NULL, '+2.00.', NULL, '<p>OU:PERRLA.</p>', NULL, NULL, '<p>OPHTHALMOSCOPY.</p><p>OU:@D/M/V.</p>', 'RE', '126/82mmHg', NULL, '54years', '61kg', NULL, NULL, NULL, NULL, NULL, NULL, NULL, NULL, '+2.50          VA 6/9', '+2.50       VA 6/9', '+2.00', NULL, NULL, NULL, NULL, NULL, NULL, NULL, NULL, NULL, NULL, NULL, NULL, NULL, NULL, 'DR Imasua K. U', NULL, '<p>1.Gutt &nbsp;Hypromellulose i tds x 1/12 (ou).</p><p>MAY 21 2019</p><p>1.Tab antioxidant i daily (vision plus).</p><p>2.Get glasses.</p>', NULL, '2019-12-19 03:57:01', '2019-12-19 03:57:01'),
(29, 34, '<p>CC:Did RE cataract operation @ a screening in General hospital Abavo (2017) and now having blur vision in the eye.Occ redness , Occ tearing , no pains.</p>', NULL, NULL, NULL, 'CF', '6/12', NULL, NULL, NULL, NULL, NULL, NULL, NULL, NULL, NULL, NULL, NULL, NULL, '<p>R-Distorted pupil , Arcus senelis.</p><p>L-Sluggish reaction (PERRLA).Arcus senelis.</p>', NULL, NULL, '<p>OPHTHALMOSCOPY</p><p>R-100 , 0.2</p><p>L-0.2</p>', NULL, '120/80mmHg', NULL, '65years', '70kg', NULL, NULL, NULL, NULL, NULL, NULL, NULL, NULL, '+0.50', '+0.50', '+2.50D', NULL, NULL, NULL, NULL, NULL, NULL, NULL, NULL, NULL, NULL, NULL, NULL, NULL, NULL, 'DR Imasua K. U', NULL, '<p>1.Tab vision plus i daily.</p><p>2.Get glasses.</p><p>AUGUST 2 2018.</p><p>1.Education and counselled.</p><p>2.Tab vision plus i daily x 1/12.</p>', NULL, '2019-12-20 00:26:03', '2019-12-20 00:26:03'),
(30, 35, '<p>CC:Cloudy vision (ou). Sandy sensation.Old glasses are weak , Occ HA.</p>', NULL, NULL, NULL, '6/24-', '6/12', NULL, NULL, '6/12-1', '6/12', NULL, NULL, NULL, NULL, NULL, NULL, NULL, NULL, '<p>OU:PERRLA.</p>', NULL, NULL, '<p>OPHTHALMOSCOPY</p><p>OD:40%</p><p>OS:50%</p>', NULL, '120/80mmHg', NULL, '59years', '70kg', NULL, NULL, NULL, NULL, NULL, NULL, NULL, NULL, 'PLANO        6/24', 'PLANO            6/12', '+3.00                Ns', NULL, NULL, NULL, NULL, NULL, NULL, NULL, NULL, NULL, NULL, NULL, NULL, NULL, NULL, 'DR Imasua K. U', NULL, '<p>1.Get glasses</p><p>2.Tab vision plus.</p><p>3.Gutt Hypromellulose.</p>', NULL, '2019-12-20 00:39:21', '2019-12-20 00:39:21'),
(31, 36, '<p>CC:Glasses is no longer effective (Got glasses 11/01/2017). Left sided HA started 4days ago.Currently taking Goartem for malaria.No tearing , no redness , no discharge. Currently on Timolol eye drops.</p>', NULL, NULL, NULL, '6/36', '6/36', NULL, NULL, '6/24', '6/24-', NULL, NULL, NULL, NULL, NULL, NULL, '+1.00                .ADD  +2.00', '+1.00                 .ADD +2.00', '<p>OU:PERRLA.</p>', NULL, NULL, '<p>OPHTHALMOSCOPY</p><p>R-80%.</p><p>L-80%.</p>', NULL, '110/80mmHg', NULL, '57years', '88kg', NULL, NULL, NULL, NULL, '+2.00-0.50 x 32', '+2.00-0.50 x12', NULL, NULL, '+1.00            VA 6/12', '+1.00           VA 6/12', '+2.50                  Ns.', NULL, NULL, NULL, NULL, NULL, NULL, NULL, NULL, NULL, NULL, NULL, NULL, NULL, NULL, 'DR Imasua K. U', NULL, '<p>1.Get spare lenses.</p><p>2.Tab antioxidants i daily x 5/7.</p><p>3.Rx Xalatan i nocte (pm) x 1/12.</p><p>NOVEMBER 8 2018.</p><p>1.Get glasses.</p><p>2.Rx Gutt Xalatan nocte x 1/12</p><p>3.Tab antioxidants i daily x 1/12.</p>', 'Hyperopic Presbyope.', '2019-12-21 03:41:06', '2019-12-21 03:41:06'),
(32, 37, '<p>CC:Px says he is short sighted , started over 8years ago. Got glasses in Benin. Occ tearing.</p>', NULL, NULL, NULL, '6/6-1', '6/6-1', NULL, NULL, NULL, NULL, NULL, NULL, NULL, NULL, NULL, NULL, NULL, NULL, '<p>OU:PERRLA.</p>', NULL, NULL, '<p>OPHTHALMOSCOPY</p><p>R-0.1 @D/M/V.</p><p>L-0.1 @D/M/V.</p>', NULL, NULL, NULL, '18YEARS', NULL, NULL, NULL, NULL, NULL, NULL, NULL, NULL, NULL, '-0.25              VA 6/5-', '-0.25               VA  6/5-', NULL, NULL, NULL, NULL, NULL, NULL, NULL, NULL, NULL, NULL, NULL, NULL, NULL, NULL, NULL, 'DR Imasua K. U', NULL, '<p>1.Gutt Bactaforte (ciprofloxacin) i daily x 1/12 (ou).</p><p>2.Get glasses.</p>', 'Myopia/Malingery.', '2019-12-21 03:52:17', '2019-12-21 03:52:17'),
(33, 38, '<p>CC:Occ discharge.wants new glasses.</p>', NULL, NULL, 'last eye examination was 2-3years ago at Dr .Isaiah\'s clinic.', NULL, NULL, NULL, NULL, NULL, NULL, NULL, NULL, NULL, NULL, NULL, NULL, 'plano                    add+2.00.', 'plano        add +2.00', '<p>OU:PERRLA</p>', NULL, NULL, '<p>OPHTHALMOSCOPY</p><p>R-0.3</p><p>L-0.3</p>', NULL, '140/110mmHg.    JULY 4 2018      130/90mmHg.', NULL, '58years', NULL, NULL, NULL, NULL, NULL, NULL, NULL, NULL, NULL, '+0.75            VA 6/9', '+0.75               VA 6/9.', '+2.50D', NULL, NULL, NULL, NULL, NULL, NULL, NULL, NULL, NULL, NULL, NULL, NULL, NULL, NULL, 'DR Imasua K. U', NULL, '<p>1.Get glasses.</p><p>2.Gutt ciprofloxacin i 4hourly x 1/12.</p><p>3.Monitor and control BP (ou).</p><p>Not comfortable with her lenses, feeling HA.</p>', 'Hyperopic Presbyope.', '2019-12-21 04:20:46', '2019-12-21 04:22:33'),
(34, 39, '<p>CC:Can\'t see clearly without glasses.Want spare lenses.</p>', NULL, NULL, NULL, '3/24-1', '3/24.', NULL, NULL, NULL, NULL, NULL, NULL, '6/24-1', '6/24-1', NULL, NULL, '-3.50', '-3.50', '<p>OU:PERRLA.</p>', NULL, NULL, '<p>OPHTHALMOSCOPY</p><p>R-ELO ,40%.</p><p>L-ELO, 30%.</p>', NULL, '120/84mmHg             june 15 2018 -120/80mmHg.', NULL, '53years', '101kg', NULL, NULL, NULL, NULL, '-5.25-2.75x80.', '-5.25-1.25x74', NULL, NULL, '-3.50', '-3.50.', NULL, NULL, NULL, NULL, NULL, NULL, NULL, NULL, NULL, NULL, NULL, NULL, NULL, NULL, NULL, 'DR Imasua K. U', NULL, '<p>1.To do FBS test.</p><p>2.Get glasases.</p><p>3.Tab vision plus i daily x 1/15.</p><p>OCTOBER 24 2019</p><p>1.Get (Transition) glasses.</p><p>2.Tab antioxidants .</p>', '1.Incipient cataract. 2. myopia', '2019-12-21 05:17:58', '2019-12-21 05:17:58'),
(35, 40, '<p>CC:Smoky vision , can\'t see far at all. Started 2months ago. Taking Yeast tablet but no improvement.</p>', '<p>PX is diabetic and on treatment.</p>', NULL, NULL, '6/18-1', '6/36+1', 'N24', 'N24', NULL, NULL, NULL, NULL, NULL, NULL, NULL, NULL, NULL, NULL, '<p>OU:PERRLA.</p>', NULL, NULL, '<p>OPHTHALMOSCOPY</p><p>OU:0.3 , Minute ELO.</p>', NULL, '160/106mmHg', '05/07/2018-135mg/dl .   79mg/dl-25/06/2018(date)       .09/07/2018-107mg/dl.          01/08/2018-140mg/dl.    08/092018-122mg/dl.', '52years', '61kg', NULL, NULL, NULL, NULL, NULL, NULL, NULL, NULL, '+1.00            VA 6/9-', '+1.00           VA 6/9-', '+2.50                  Ns.', NULL, NULL, NULL, NULL, NULL, NULL, NULL, NULL, NULL, NULL, NULL, NULL, NULL, NULL, 'DR Imasua K. U', NULL, '<p>1.Monitor sugar.</p><p>2.Tab vision plus antioxidants i daily x 3/52</p><p>3.Get glasses.&nbsp;</p><p>JULY 4 2018.</p><p>1. Education and counselling.</p><p>2.continue with vision plus.</p>', 'Hyperopic Presbyope.', '2019-12-21 05:35:32', '2019-12-21 05:35:32'),
(36, 41, '<p>CC:Having HA &nbsp;while using his old lenses.</p>', NULL, NULL, NULL, '6/18+2', '6/12', NULL, NULL, NULL, NULL, NULL, NULL, '6/18+2', '6/12', NULL, NULL, 'PLANO                     ADD +2.00', 'plano        add +2.00', '<p>OU:NAD.</p>', NULL, NULL, '<p>OPHTHALMOSCOPY</p><p>OU:0.15 N .D/M/V.</p>', NULL, '150/110mmHg', NULL, '60years', '96kg', NULL, NULL, NULL, NULL, NULL, NULL, NULL, NULL, 'PLANO', 'PLANO', '+2.75', NULL, NULL, NULL, NULL, NULL, NULL, NULL, NULL, NULL, NULL, NULL, NULL, NULL, NULL, 'DR Imasua K. U', NULL, '<p>1.Get glasses.</p>', NULL, '2019-12-21 05:44:32', '2019-12-21 05:44:32'),
(40, 44, '<p>CC &nbsp;cant see clearly. Having cliudy vision, started 2013. tearing and itching</p>', '<p>DM and hbp</p>', NULL, 'visited Daughter of CHARITY 2013', '6/24', '6/60', NULL, NULL, '6/12', '6/36', NULL, NULL, NULL, NULL, NULL, NULL, NULL, NULL, '<p>\r\n\r\nOU pterygium, PERRLA \r\n\r\n<br></p>', NULL, NULL, '<p>OPHTHALMOSCOPY: OU 0.1, Aged retinal changes</p>', NULL, '160/110 mmHg', NULL, '53years', '63kg', NULL, NULL, NULL, NULL, NULL, NULL, NULL, NULL, 'PLANO', 'PLANO', NULL, NULL, NULL, NULL, NULL, NULL, NULL, NULL, NULL, NULL, NULL, NULL, NULL, NULL, NULL, 'DR Imasua K. U', NULL, '<p>1. monitor BP and Sugar properly</p><p>2. Gutt Mandanol i tds x 1/12</p><p>3. tab vit c</p><p>4. tab antioxidants i daily&nbsp;</p><p>5. Get glasses</p><p>6. Education and counsell</p>', 'dry eyes and aged retinal changes', '2019-12-24 03:02:58', '2019-12-24 03:02:58'),
(42, 46, '<p>CC &nbsp;itching, tearing, discharging (RE), occasional redness</p>', NULL, NULL, NULL, NULL, NULL, '6/6-2', '6/6-2', NULL, NULL, NULL, NULL, NULL, NULL, NULL, NULL, NULL, NULL, '<p>OD &nbsp;PERRLA, swollen lid margin</p><p>OS &nbsp;PERRLA</p>', NULL, NULL, '<p>OPHTHALMOSCOPY&nbsp;</p><p>OU &nbsp; 50% cupped</p>', NULL, NULL, NULL, '7 years', '22KG', NULL, NULL, NULL, NULL, '-0.50-0.50x89', 'plano-0.25x92', NULL, NULL, NULL, NULL, NULL, NULL, NULL, NULL, NULL, NULL, NULL, NULL, NULL, NULL, NULL, NULL, NULL, NULL, NULL, 'DR Imasua K. U', NULL, '<p>1. stop allerex</p><p>2. continue with ciprofloxacin</p><p>3. gutt timolol i bd x 1/12 (ou)</p><p>4. formentation @x daily x 1/52 (OD)</p>', 'Blephritis (RE). suspicious disc', '2019-12-25 02:31:21', '2019-12-25 02:31:21'),
(43, 47, '<p>CC &nbsp;Headache all over her head, cloudy visioin, tearing, itching, started over aa year ago.</p><p>Had cataract operation in her LE 8 years ago</p>', NULL, NULL, 'general hospital Agbor 2017', 'CF @1M', '6/36-1', NULL, NULL, NULL, NULL, NULL, NULL, NULL, NULL, NULL, NULL, NULL, NULL, '<p>OD &nbsp;PERRLA</p><p>OS &nbsp; Distorted pupil</p>', NULL, NULL, '<p>OPHTHALMOSCOPY&nbsp;</p><p>RE &nbsp;NO VIEW</p><p>LE &nbsp;85% CUPPED</p><p><br></p><p>DFE</p><p>RE &nbsp;75% CUPPED</p>', NULL, '130/80mmHg', NULL, '72years', '36kg', NULL, NULL, NULL, NULL, NULL, NULL, NULL, NULL, NULL, NULL, NULL, NULL, NULL, NULL, NULL, NULL, NULL, NULL, NULL, NULL, NULL, NULL, NULL, NULL, NULL, 'DR Imasua K. U', NULL, NULL, 'age retina degeneration, right eye matured cataract, both eye glaucoma, dry eyes', '2019-12-25 02:39:43', '2019-12-25 02:39:43'),
(44, 48, '<p>CC &nbsp; cant see clearly, started 2 years ago</p>', NULL, 'elder sister and parents uses glasses', 'First eye examination', '3/36', '3/60', NULL, NULL, NULL, NULL, NULL, NULL, NULL, NULL, NULL, NULL, NULL, NULL, '<p>OU &nbsp; PERRLA</p>', NULL, NULL, '<p>OPHTHALMOSCOPY&nbsp;</p><p>OU &nbsp; 0.2</p>', NULL, NULL, NULL, '12YEARS', '48KG', NULL, NULL, NULL, NULL, NULL, NULL, NULL, NULL, '-4.00D', '-4.00D', NULL, NULL, NULL, NULL, NULL, NULL, NULL, NULL, NULL, NULL, NULL, NULL, NULL, NULL, NULL, NULL, NULL, '<p>1. GET GLASSES ASAP</p>', 'MYOPIA', '2019-12-25 04:27:09', '2019-12-25 04:27:09'),
(45, 49, '<p>CC &nbsp; Glasses of about 6 years old got broken recently. cant see far distance except she goes close to it. occasional itching, redness and eye do get swollen especially LE. &nbsp;</p><p>had trauma on her LE 17 years ago.</p>', NULL, NULL, '2012 at Daniel and David eye clinic (benin)', NULL, NULL, NULL, NULL, NULL, NULL, NULL, NULL, NULL, NULL, NULL, NULL, NULL, NULL, '<p>OD &nbsp;PERRLA&nbsp;</p><p>OS &nbsp; PERRLA, Lid margin mildly inflammmed&nbsp;</p>', NULL, NULL, '<p>OPHTHALMOSCOPY&nbsp;</p><p>RE &nbsp; 0.4</p><p>LE &nbsp; 0.2</p>', NULL, NULL, NULL, '20 YEARS', '54KG', NULL, NULL, NULL, NULL, NULL, NULL, NULL, NULL, '-2.00            VA 6/6-', '-2.00              va 6/36', NULL, NULL, NULL, NULL, NULL, NULL, NULL, NULL, NULL, NULL, NULL, NULL, NULL, NULL, NULL, 'DR Imasua K. U', NULL, '<p>1. Get glasses&nbsp;</p><p>2. Education and counselling</p><p>3. precribed gutt hypromellulose, alomide and tab antioxidants&nbsp;</p>', 'LE AMBLYOPIA  AND MYOPIA (BE)', '2019-12-25 04:36:45', '2019-12-25 04:36:45'),
(46, 50, '<p>CC &nbsp; &nbsp; &nbsp;Eye pain, occ redness, rxts to light, occ itching. cant read for long</p>', NULL, NULL, NULL, '6/18', '6/18', NULL, NULL, '6/18', '6/18', NULL, NULL, NULL, NULL, NULL, NULL, NULL, NULL, '<p>OU &nbsp; PERRLA</p>', NULL, NULL, '<p>OPHTHALMOSCOPY&nbsp;</p><p>OU &nbsp; 0.45</p>', NULL, NULL, NULL, '15', '95KG', NULL, NULL, NULL, NULL, NULL, NULL, NULL, NULL, '-1.00D       6/9', '-1.00D           VA 6/9', NULL, NULL, NULL, NULL, NULL, NULL, NULL, NULL, NULL, NULL, NULL, NULL, NULL, NULL, NULL, 'DR Imasua K. U', NULL, '<p>1. GET GLASSES</p>', 'MYOPIA', '2019-12-25 04:42:31', '2019-12-25 04:42:31'),
(47, 51, '<p>CC &nbsp; itching eyes, cannot see clearly, tearing (ou). started long ago over $years</p><p>used chloramphenicol but no improvement&nbsp;</p>', NULL, NULL, NULL, '6/36-', '6/36-', NULL, NULL, '6/24-', '6/18-', NULL, NULL, NULL, NULL, NULL, NULL, NULL, NULL, '<p>OU &nbsp; PERRRLA , slight redness</p>', NULL, NULL, '<p>ophthalmoscopy &nbsp;</p><p>OD &nbsp; 0.2</p><p>OS &nbsp; 0.3</p>', NULL, NULL, NULL, '30 YEARS', '55hg', NULL, NULL, NULL, NULL, NULL, NULL, NULL, NULL, '-1.00D       6/9+', '-1.00D           VA 6/9+', NULL, NULL, NULL, NULL, NULL, NULL, NULL, NULL, NULL, NULL, NULL, NULL, NULL, NULL, NULL, 'DR Imasua K. U', NULL, '<p>1. gutt occullerge i 4hourly x 1/12 (OU)&nbsp;</p><p>2. get glasses</p>', NULL, '2019-12-25 04:51:30', '2019-12-25 04:51:30'),
(48, 52, '<p>CC &nbsp; &nbsp;Cannot see far. takes his book closer to his face than normal</p>', NULL, NULL, NULL, '6/18+1', '6/18+1', NULL, NULL, NULL, NULL, NULL, NULL, NULL, NULL, NULL, NULL, NULL, NULL, '<p>OU &nbsp; &nbsp;PERRLA / NAD&nbsp;</p>', NULL, NULL, '<p>OPHTH</p><p>OU 0.2</p>', NULL, NULL, NULL, '37 YEARS', '75KG', NULL, NULL, NULL, NULL, NULL, NULL, NULL, NULL, '+0.50_0.75X 90          VA 6/9', '+0.50_0.75X 90               VA 6/9', NULL, NULL, NULL, NULL, NULL, NULL, NULL, NULL, NULL, NULL, NULL, NULL, NULL, NULL, NULL, 'DR Imasua K. U', NULL, '<p>1. get glasses</p>', 'MIXED ASTIGMATISM', '2019-12-25 04:57:15', '2019-12-25 04:57:15'),
(49, 53, '<p>CC &nbsp; Pain in her eye and face, was hit in her face yesterday. no discharge, frontal headche</p>', NULL, NULL, 'FMC ASABA 2016', '6/9', '6/9', 'N10', 'N10', NULL, NULL, NULL, NULL, NULL, NULL, NULL, NULL, NULL, NULL, '<p>OU PERRLA&nbsp;</p>', NULL, NULL, '<p>OPHTH</p><p>OU &nbsp;0.4</p>', NULL, NULL, NULL, NULL, NULL, NULL, NULL, NULL, NULL, NULL, NULL, NULL, NULL, '+0.50', '+0.50', '+1.75DS         N5', NULL, NULL, NULL, NULL, NULL, NULL, NULL, NULL, NULL, NULL, NULL, NULL, NULL, NULL, 'DR Imasua K. U', NULL, '<p>1. gutt diclosphere i tds x 1/12 (OU)</p><p>2. tab prednisolone i daily x 5/7</p><p>3. gutt ciprofloxacin i tds x 1/12 (OU) &nbsp;</p>', 'SCH, presbyopia', '2019-12-25 05:06:01', '2019-12-25 05:06:01'),
(50, 54, '<p>CC: &nbsp; &nbsp; Itchimg, sandy sensation, redness (OU) satarted &nbsp;5 months ago and &nbsp;was given medications but no improvement&nbsp;</p><p><br></p>', NULL, NULL, NULL, '6/12-', '6/18', NULL, NULL, NULL, NULL, NULL, NULL, NULL, NULL, NULL, NULL, NULL, NULL, '<p>OU &nbsp; PERRLA, PTERGIUM, REDNESS</p>', NULL, NULL, '<p>OPHTH</p><p>OU 55%, LAMINA CRIBOSA SEEN&nbsp;</p>', NULL, NULL, '120/80mmHg', NULL, '82KG', NULL, NULL, NULL, NULL, NULL, NULL, NULL, NULL, '+0.75D', '+0.75D', '+2.00D', NULL, NULL, NULL, NULL, NULL, NULL, NULL, NULL, NULL, NULL, NULL, NULL, NULL, NULL, 'DR Imasua K. U', NULL, '<p>1. get glasses</p><p>2. tab predniso;lone i daily x 5/7</p><p>3 gutt diclosphere i daily</p><p>4. tab vit Bco&nbsp;</p>', NULL, '2019-12-25 05:15:45', '2019-12-25 05:15:45'),
(51, 55, '<p>CC &nbsp; &nbsp;Painful HA. using gentamycin but her eyes are now red. started a month ago. currently on antimalaria drugs. eyes are discharging</p>', NULL, NULL, 'First eye examination', '6/6-', '6/6', NULL, NULL, NULL, NULL, NULL, NULL, NULL, NULL, NULL, NULL, NULL, NULL, '<p>OU &nbsp; conjunctiva redness, ptergium, PERRLA, sticky lids.</p>', NULL, NULL, '<p>OPHTH</p><p>OD: 0.1</p><p>OS &nbsp;0.2</p>', NULL, '120/8-mmHg', NULL, '51YEARS', '76KG', NULL, NULL, NULL, NULL, NULL, NULL, NULL, NULL, 'plano', 'plano', '+2.50D', NULL, NULL, NULL, NULL, NULL, NULL, NULL, NULL, NULL, NULL, NULL, NULL, NULL, NULL, 'DR Imasua K. U', NULL, '<p>1. gutt ciprofloxacin i 4 hourly x 2/52 (ou)</p><p>2. &nbsp;gutt diclosphere &nbsp;\r\n\r\n i 4 hourly x 2/52 (ou)\r\n\r\n</p><p>3. tab prednisolone i daily x 5/7&nbsp;</p><p>4. get glasses.&nbsp;</p>', NULL, '2019-12-25 05:24:04', '2019-12-25 05:24:04'),
(52, 56, '<p>CC: &nbsp;Can\'t read tiny prints. sandy sensation, no pain, no itching, no tearing.</p>', NULL, NULL, NULL, '6/9', '6/9-2', 'N10', 'N10', '6/9+', '6/9+2', NULL, NULL, NULL, NULL, NULL, NULL, NULL, NULL, '<p>OU: PERRLA</p>', NULL, NULL, '<p>OPHTH</p><p>RE &nbsp; 60%, Lamina cribosa seen&nbsp;</p><p>\r\n\r\n</p><p>LE &nbsp; 50%, Lamina cribosa seen </p><p></p>\r\n\r\n<br><p></p>', NULL, '128/88mmHg', NULL, '49YEARS', '82KG', NULL, NULL, NULL, NULL, NULL, NULL, NULL, NULL, 'plano', 'plano', '+1.75DS         N5', NULL, NULL, NULL, NULL, NULL, NULL, NULL, NULL, NULL, NULL, NULL, NULL, NULL, NULL, 'DR Imasua K. U', NULL, '<p>1. Continue with Timolol i bd x1/12 (OU)</p>', NULL, '2019-12-28 00:32:46', '2019-12-28 00:32:46'),
(53, 57, '<p>CC &nbsp; &nbsp; cureently on reading glasses but lost it few days ago. want new lenses and eye check.</p>', '<p>nil</p>', NULL, 'screening 2017', '6/6-', '6/9-3', 'N14', 'N14', NULL, NULL, NULL, NULL, NULL, NULL, NULL, NULL, 'PLANO                     ADD +1.75', 'PLANO                     ADD +1.75', '<p>OU &nbsp;PERRLA/ slight sclera discolouration</p>', NULL, NULL, '<p>OPHTH</p><p>OU &nbsp; 0.3 ND/M/V</p>', NULL, '100/70 mmHg', NULL, '46 years', '60kg', NULL, NULL, NULL, NULL, NULL, NULL, NULL, NULL, 'PLANO', 'PLANO', '+2.00DS                                      N5', NULL, NULL, NULL, NULL, NULL, NULL, NULL, NULL, NULL, NULL, NULL, NULL, NULL, NULL, 'DR Imasua K. U', NULL, '<p>1. get glasses</p>', 'presbyopia', '2019-12-28 00:47:37', '2019-12-28 00:47:37'),
(54, 58, '<p>CC &nbsp;His leses fell off (LE only). cant find it and want new lenses.</p>', NULL, NULL, 'screening 2017', '6/6-2', '6/6-2', NULL, NULL, NULL, NULL, NULL, NULL, NULL, NULL, NULL, NULL, 'plano                  add +1.50', 'plano                  add +1.50', '<p>OU &nbsp; &nbsp;PERRLA&nbsp;</p>', NULL, NULL, '<p>OPHTHALMOSCOPY&nbsp;</p><p>OU: 0.2 ND/M/V&nbsp;</p>', NULL, NULL, '120/80mmHg', '42 years', '71Kg', NULL, NULL, NULL, NULL, NULL, NULL, NULL, NULL, 'plano', 'plano', '+1.50DS', NULL, NULL, NULL, NULL, NULL, NULL, NULL, NULL, NULL, NULL, NULL, NULL, NULL, NULL, 'DR Imasua K. U', NULL, '<p>1. Get glasses&nbsp;</p>', NULL, '2019-12-28 00:56:32', '2019-12-28 00:56:32'),
(55, 59, '<p>CC &nbsp; &nbsp; &nbsp;Occasional itching (OU)&nbsp;</p>', NULL, NULL, 'First eye examination', '6/6', '6/6', 'N5', 'N5', NULL, NULL, NULL, NULL, NULL, NULL, NULL, NULL, NULL, NULL, '<p>0U &nbsp;Slight discolouration&nbsp;</p>', NULL, NULL, '<p>OPHTHALMOSCOPY&nbsp;</p><p>OU: 0.4 &nbsp;ND/M/V</p>', NULL, '120/90mmHg', NULL, '38 years', '83kg', NULL, NULL, NULL, NULL, NULL, NULL, NULL, NULL, NULL, NULL, NULL, NULL, NULL, NULL, NULL, NULL, NULL, NULL, NULL, NULL, NULL, NULL, NULL, NULL, NULL, 'DR Imasua K. U', NULL, '<p>1. Gutt Occullerge i tds x2/52 (OU)&nbsp;</p>', 'Allergic conjunctivitis', '2019-12-28 01:02:50', '2019-12-28 01:02:50'),
(56, 60, '<p>CC &nbsp; &nbsp;Itching (OU), tearing, no discharge, slight pain. her glasses are old&nbsp;</p>', '<p>Par=tient is on BP medications/management, curently have cough and ulcer.&nbsp;</p>', NULL, 'General hospital 2016', NULL, NULL, NULL, NULL, NULL, NULL, NULL, NULL, NULL, NULL, NULL, NULL, NULL, NULL, '<p>OU &nbsp;PERLLA&nbsp;</p>', NULL, NULL, '<p>OPHTHALMOSCOPY&nbsp;</p><p>OU &nbsp; 0.35, Age reitna changes&nbsp;</p>', NULL, '120/78 mmHg', NULL, '59 years', '68kg', NULL, NULL, NULL, NULL, NULL, NULL, NULL, NULL, '+1.00            VA 6/9', '+1.00            VA 6/9', '+2.50                  N5', NULL, NULL, NULL, NULL, NULL, NULL, NULL, NULL, NULL, NULL, NULL, NULL, NULL, NULL, 'DR Imasua K. U', '<p>had aprtial stroke which affected her left hand&nbsp;</p>', '<p>1. Gutt Occullerge i qds x 2/52(ou)</p><p>2. tab vitamin Bco i daily x 1/53</p><p>3. Get glasses&nbsp;</p>', NULL, '2019-12-28 01:42:55', '2019-12-28 01:42:55'),
(57, 61, '<p>CC RE is itching her. &nbsp;LE seems as if there is something inside it, started #days ago and now red.&nbsp;</p>', NULL, 'positive history of gkaucoma in the family', NULL, '6/9', '6/24', NULL, NULL, NULL, NULL, NULL, NULL, NULL, NULL, NULL, NULL, NULL, NULL, '<p>\r\n\r\n</p><p>RE &nbsp;PERRLA, Pingecula </p><p>LE &nbsp; PERRLA, &nbsp; Pingecula , Localized redness.,</p>\r\n\r\n<br><p></p>', NULL, NULL, '<p>OPHTHALMOSCOPY&nbsp;</p><p>RE 60% Cupped&nbsp;</p><p>LE &nbsp;70% Cupped&nbsp;</p>', NULL, '120/80mmHg', NULL, '44 years', '49kg', NULL, NULL, NULL, NULL, NULL, NULL, NULL, NULL, NULL, NULL, NULL, NULL, NULL, NULL, NULL, NULL, NULL, NULL, NULL, NULL, NULL, NULL, NULL, NULL, NULL, 'DR Imasua K. U', NULL, '<p>1. Gutt Diclofenac i qdsx2/52 (ou)&nbsp;</p><p>2. Gutt Ciprofoxaxin i tds x1/12 (OU)&nbsp;</p><p>3. Gutt Timolol i bd&nbsp;\r\n\r\nx1/12 (OU) \r\n\r\n</p><p>4. RX Xalatan i nocte&nbsp;\r\n\r\nx1/12 (OU)&nbsp;</p><p>5. Tab predniolone i daily x 5/7&nbsp;</p><p>6. Education and counselling&nbsp;</p>', 'Inflammed Pingecula, Glaucoma Suspect', '2019-12-28 01:54:52', '2019-12-28 01:54:52'),
(58, 62, '<p>CC &nbsp; &nbsp;Always scratching his eyes, started from birth. was given editen but no improvement&nbsp;</p>', NULL, NULL, NULL, '6/6', '6/6', NULL, NULL, NULL, NULL, NULL, NULL, NULL, NULL, NULL, NULL, NULL, NULL, '<p>OU &nbsp;Discoloured sclera, PERRLA, brownish ring at limbus&nbsp;</p>', NULL, NULL, '<p>OPHTHALMOSCOPY&nbsp;</p><p>OU &nbsp; 20%</p>', NULL, NULL, NULL, '4 years', '16kg', NULL, NULL, NULL, NULL, NULL, NULL, NULL, NULL, NULL, NULL, NULL, NULL, NULL, NULL, NULL, NULL, NULL, NULL, NULL, NULL, NULL, NULL, NULL, NULL, NULL, 'DR Imasua K. U', NULL, '<p>1. Gutt Dexa-neomycin i tds</p><p>2. Gyrr Occullerge i tds&nbsp;</p><p>3. Rx Editen&nbsp;</p><p>4. Rx tab Loratadine&nbsp;</p>', 'VKC', '2019-12-28 02:01:35', '2019-12-28 02:01:35'),
(59, 63, '<p>CC &nbsp; &nbsp;occasional itching. inabilitu to read tiny prints, using road side glasses</p>', NULL, NULL, NULL, '6/6', '6/6', NULL, NULL, NULL, NULL, NULL, NULL, NULL, NULL, NULL, NULL, NULL, NULL, '<p>OU &nbsp; &nbsp; PERRLA&nbsp;</p>', NULL, NULL, '<p>OPHTHALMOSCOPY&nbsp;</p><p>OD &nbsp; 40% Cupped&nbsp;</p><p>\r\n\r\nOS &nbsp; 50% Cupped \r\n\r\n<br></p>', NULL, NULL, NULL, NULL, NULL, NULL, NULL, NULL, NULL, NULL, NULL, NULL, NULL, 'PLANO', 'PLANO', '+1.50DS          N5', NULL, NULL, NULL, NULL, NULL, NULL, NULL, NULL, NULL, NULL, NULL, NULL, NULL, 'DECEMBER 2019', 'DR Imasua K. U', NULL, '<p>1. &nbsp;Get Glasses</p><p>2. &nbsp;Gutt Timolol i bd x 1/12&nbsp;</p><p>3. &nbsp; Rx Xalatan nocte&nbsp;</p>', 'Presbyopia and Suspicious disc', '2019-12-28 02:08:35', '2019-12-28 02:08:35'),
(60, 64, '<p>CC: Inability to read tiny prints. started 6months ago.</p><p><br></p>', NULL, NULL, 'First eye examination', '6/5', '6/5', 'N10', 'N10', NULL, NULL, NULL, NULL, NULL, NULL, NULL, NULL, NULL, NULL, '<p>OU &nbsp; PERRLA&nbsp;</p>', NULL, NULL, '<p>OPHTHALMOSCOPY&nbsp;</p><p>OU &nbsp; 0.50&nbsp;</p>', NULL, '130/90mmHg', NULL, '38 years', '55KG', NULL, NULL, NULL, NULL, NULL, NULL, NULL, NULL, '+0.25DS             6/5', '+0.25DS              6/5', '+1.00DS             VA    N5', NULL, NULL, NULL, NULL, NULL, NULL, NULL, NULL, NULL, NULL, NULL, NULL, NULL, NULL, 'DR Imasua K. U', NULL, '<p>1. Get glasses&nbsp;</p>', 'presbyopia', '2019-12-28 03:56:16', '2019-12-28 03:56:16'),
(61, 65, '<p>CC &nbsp; &nbsp;Can\'t see well with LE. Can\'t read clearly esp tiny prints, started long ago</p>', NULL, NULL, NULL, '6/6-', 'CF  CTN', NULL, NULL, NULL, NULL, NULL, NULL, NULL, NULL, NULL, NULL, NULL, NULL, '<p>OD &nbsp; &nbsp; PERRLA&nbsp;</p>', NULL, NULL, '<p>OPHTHALMOSCOPY&nbsp;</p><p>OD: &nbsp; 0.3</p><p>OS: &nbsp;0.3</p><p>DILATED FUNDUS EXAMINATIONA</p><p>LE &nbsp; &nbsp;Retino choridal scars&nbsp;</p>', 'RE', NULL, NULL, '43years', '65kg', NULL, NULL, NULL, NULL, NULL, NULL, NULL, NULL, 'plano', 'plano', '+1.50DS          N5', NULL, NULL, NULL, NULL, NULL, NULL, NULL, NULL, NULL, NULL, NULL, NULL, NULL, NULL, 'DR Imasua K. U', NULL, '<p>1. GET GLASSES&nbsp;</p>', NULL, '2019-12-28 04:04:58', '2019-12-28 04:04:58'),
(62, 66, '<p>CC &nbsp; <small>SEVERE ITCHING, VISION IS NO CLEAR&nbsp;</small></p>', NULL, NULL, NULL, '3/12', '3/24', NULL, NULL, '3/18-1', '3/18', NULL, NULL, '3/12', '3/18-1', NULL, NULL, NULL, NULL, '<p>OU &nbsp; PERRLA, PTERYGIUM&nbsp;</p>', NULL, NULL, '<p>OPHTHALMOSCOPY&nbsp;</p><p>OU &nbsp;0.3, ELO&nbsp;</p><p>DFE</p><p>OU &nbsp; 0.35</p>', NULL, '130/96mmHg', NULL, '63 Years', '96kg', NULL, NULL, NULL, NULL, NULL, NULL, NULL, NULL, 'PLANO', 'PLANO', '+3.00DS', NULL, NULL, NULL, NULL, NULL, NULL, NULL, NULL, NULL, NULL, NULL, NULL, NULL, NULL, 'DR Imasua K. U', NULL, '<p>1. continue with maxivision&nbsp;</p><p>2. gutt dexa-neomycin i bd x2/52</p><p>3. gutt occullerge i tds x 1/12&nbsp;</p>', NULL, '2019-12-28 04:13:17', '2019-12-28 04:13:17'),
(63, 67, '<p>CC &nbsp; Bamboo just entered his LE 4days ago and also sand entered his LE also while going home from the farm.</p><p>currently on ibruprofen tablet, ciprofloxacin and chloramphenicol eye drops.&nbsp;</p>', NULL, NULL, NULL, '6/36+', '6/36+', NULL, NULL, NULL, NULL, NULL, NULL, NULL, NULL, NULL, NULL, NULL, NULL, '<p>OU &nbsp;PERRLA, diffused redness. no staining with floresceine&nbsp;</p>', NULL, NULL, '<p>OPHTHALMOSCOPY&nbsp;</p><p>OU &nbsp;0.5.</p>', NULL, '120/80 MMHG', NULL, '42YEARS', '60kg', NULL, NULL, NULL, NULL, NULL, NULL, NULL, NULL, NULL, NULL, NULL, NULL, NULL, NULL, NULL, NULL, NULL, NULL, NULL, NULL, NULL, NULL, NULL, NULL, NULL, 'DR Imasua K. U', NULL, '<p>1. INSTILLED MYDRACYL&nbsp;</p><p>2. GUTT FLUCAMED I TDS X2/52 (OU)&nbsp;</p><p>3. GUTT DICLOSPHERE I 4 HOURLY X2/52 (OU)</p><p>4. CONTINUE CIPROFLOXACIN QDS X2/52&nbsp;</p>', 'CORNEAL ULCER', '2019-12-31 01:28:03', '2019-12-31 01:28:03'),
(64, 68, '<p>CC &nbsp; cant read tiny prints started 2 weeks ago. no itching , no pain, no tearing&nbsp;</p>', NULL, NULL, 'First eye examination', '6/9', '6/9', NULL, NULL, NULL, NULL, NULL, NULL, NULL, NULL, NULL, NULL, NULL, NULL, '<p>OU &nbsp;PERRLA&nbsp;</p>', NULL, NULL, '<p>OPHTHALMOSCOPY&nbsp;</p><p>OD: 0.50</p><p>OS: 0.40</p>', NULL, '120/80mmHg', NULL, '43years', '75kg', NULL, NULL, NULL, NULL, NULL, NULL, NULL, NULL, 'PLANO', 'PLANO', '+1.25DS    N5', NULL, NULL, NULL, NULL, NULL, NULL, NULL, NULL, NULL, NULL, NULL, NULL, NULL, NULL, 'DR Imasua K. U', NULL, '<p>1. Get glasses&nbsp;</p>', 'presbyopia', '2019-12-31 01:43:14', '2019-12-31 01:43:14'),
(65, 69, '<p>CC &nbsp; Had cataract operation (LE) a year ago (Omega Eye Clinic). feeling that there is water inside the LE. also nocticed Black spot on the LE.&nbsp;</p><p>Occassional itching&nbsp;</p>', NULL, NULL, 'Omega eye Clinic Agbor 2017', '6/36', '6/12-', NULL, NULL, NULL, NULL, NULL, NULL, '6/36', '6/24', NULL, NULL, NULL, NULL, '<p>OD: PERRLA, Arcus Senelis&nbsp;</p><p>OS: Neavus. Arcus senelis&nbsp;</p>', NULL, NULL, '<p>OPHTHALMOSCOPY&nbsp;</p><p>RE &nbsp; 50%, Lamina cribosa seen</p><p>LE &nbsp; 60%, Lamina cribosa seen\r\n\r\n</p>', NULL, NULL, '160/100mmHg', '71years', '80KG', NULL, NULL, NULL, NULL, NULL, NULL, NULL, NULL, 'PLANO', 'PLANO', '+3.00', NULL, NULL, NULL, NULL, NULL, NULL, NULL, NULL, NULL, NULL, NULL, NULL, NULL, NULL, 'DR Imasua K. U', NULL, '<p>1. tab antioxidant i daily x 1/12</p><p>1. Get glasses&nbsp;</p><p>3. Education and counselled</p>', NULL, '2019-12-31 01:52:56', '2019-12-31 01:52:56'),
(66, 70, '<p>CC &nbsp; &nbsp;Cant read tiny prints. &nbsp;occ itching, tearing, no pains, no discharge.&nbsp;</p><p><br></p>', NULL, NULL, NULL, '6/5+', '6/5+', 'N10', 'N10', NULL, NULL, NULL, NULL, NULL, NULL, NULL, NULL, 'plano                  add +1.50', 'plano                  add +1.50', '<p>OU &nbsp; PERRLA&nbsp;</p>', NULL, NULL, '<p>OPHTH &nbsp; &nbsp;OU &nbsp;0.1</p>', NULL, '126/80mmHg', NULL, '45 years', '76kg', NULL, NULL, NULL, NULL, NULL, NULL, NULL, NULL, 'PLANO', 'PLANO', '+2.00', NULL, NULL, NULL, NULL, NULL, NULL, NULL, NULL, NULL, NULL, NULL, NULL, NULL, NULL, 'DR Imasua K. U', NULL, '<p>1. Gutt Occullerge i ntds x 1/12 (ou)</p><p>2. Get glasses&nbsp;</p>', NULL, '2019-12-31 01:59:18', '2019-12-31 01:59:18'),
(67, 71, '<p>CC: &nbsp;CAN\'T READ TINY PRINTS. STARTED A YEAR AGO&nbsp;</p>', NULL, NULL, 'First eye examination', NULL, NULL, NULL, NULL, NULL, NULL, NULL, NULL, NULL, NULL, NULL, NULL, NULL, NULL, '<p>OU &nbsp;PERRLA&nbsp;</p>', NULL, NULL, '<p>OPHTHALMOSCOPY &nbsp;&nbsp;</p><p>OU: 0.3</p>', NULL, '120/80mmHg', NULL, '43years', '80KG', NULL, NULL, NULL, NULL, NULL, NULL, NULL, NULL, 'PLANO', 'PLANO', '+1.50DS          N5', NULL, NULL, NULL, NULL, NULL, NULL, NULL, NULL, NULL, NULL, NULL, NULL, NULL, NULL, 'DR Imasua K. U', NULL, '<p>1. GET GLASSES</p>', NULL, '2019-12-31 02:05:15', '2019-12-31 02:05:15'),
(68, 72, '<p>CC: &nbsp;cAN\'T READ TINY PRINTS, STARTED A YEAR AGO. &nbsp;</p>', NULL, NULL, NULL, '6/6', '6/6', 'N10', 'N10', NULL, NULL, NULL, NULL, NULL, NULL, NULL, NULL, NULL, NULL, NULL, NULL, NULL, NULL, NULL, NULL, '120/70mmHg', '44years', '70kg', NULL, NULL, NULL, NULL, NULL, NULL, NULL, NULL, 'PLANO', 'PLANO', '+2.00DS     N5', NULL, NULL, NULL, NULL, NULL, NULL, NULL, NULL, NULL, NULL, NULL, NULL, NULL, NULL, 'DR Imasua K. U', NULL, '<p>1. GET GLASSES&nbsp;</p>', NULL, '2019-12-31 02:10:17', '2019-12-31 02:10:17');
INSERT INTO `casefiles` (`id`, `patient_id`, `casehistory`, `systemic`, `family`, `lasteyeexamination`, `uvaod6m`, `uvaos6m`, `uvaod04m`, `uvaos04m`, `pinhholetestod`, `pinholetestos`, `stenopaicdiscod`, `stenopaicdiscos`, `avaod6m`, `avaos6m`, `avaod04m`, `avaos04m`, `ppod`, `ppos`, `ee`, `uva6m`, `ue`, `ie`, `prefferedeye`, `bloodpressure`, `bloodsugar`, `age`, `weight`, `tonometryod`, `tonometryos`, `time`, `anaesthetics`, `autorefractometryod`, `autorefractometryos`, `staticretinoscopyod`, `staticretinoscopyos`, `subjectiveod`, `subjectiveos`, `staticretinoscopyadd`, `spectacleprescriptionod`, `spectacleprescriptionos`, `pd`, `dist`, `near`, `bifocal`, `vanilux`, `typesoflenses`, `thinnerlenses`, `antireflectivelenses`, `photochronic`, `sunglasses`, `tint`, `nextappointment`, `doctorsname`, `additionaltestsandcomments`, `assessmentplan`, `diagnosis`, `created_at`, `updated_at`) VALUES
(69, 73, '<p>CC: &nbsp; PAWPAW FLUID ENTERED HER LE OVER A YEAR AGO. NOW HAVING ITCHING EYES, TEARING, PAIN.&nbsp;</p>', NULL, NULL, NULL, 'CF @3M', 'CF CTN', NULL, NULL, NULL, NULL, NULL, NULL, NULL, NULL, NULL, NULL, NULL, NULL, '<p>OU &nbsp;PERRLA&nbsp;</p>', NULL, NULL, '<p>OPHTHALMOSCOPY&nbsp;</p><p>OD: CHORIO RETIINAL DEGENERATIONS&nbsp;</p><p>OS: &nbsp;ATTENUATED VESSELS AROUND THE DISC &nbsp;</p>', NULL, '120/70MMHG', NULL, '70', NULL, NULL, NULL, NULL, NULL, NULL, NULL, NULL, NULL, NULL, NULL, NULL, NULL, NULL, NULL, NULL, NULL, NULL, NULL, NULL, NULL, NULL, NULL, NULL, NULL, NULL, 'DR Imasua K. U', NULL, '<p>1. GUTT OCCULLERGE I TDS X1/12 (BE)&nbsp;</p><p>2. GUTT TIMOLOL I BD X 1/12 (LE)&nbsp;</p><p>3. TAB ANTIOXIDANTS I DAILY PRN&nbsp;</p>', NULL, '2019-12-31 02:18:49', '2019-12-31 02:18:49'),
(70, 74, '<p>CC PRICKY SENSATION MORE IN LE. SEEMS AS IF THERE IS SOMETHING CIVERING THE EYES.</p><p>OCCASIONAL ITCHING, &nbsp;NO PAIN, NO DISCHARGE, NO TEARING.&nbsp;</p>', NULL, 'positive history of gLaucoma in the family (MUM)', 'general  hospital Agbor 3 months ago', '6/12+ 1', '6/12', NULL, NULL, NULL, NULL, NULL, NULL, NULL, NULL, NULL, NULL, NULL, NULL, '<p>OU: PERRLA&nbsp;</p>', NULL, NULL, '<p>OPHTHALMOSCOPY &nbsp; OU: 65%</p>', NULL, '140/90MMHG', NULL, '54YEARS', '80KG', NULL, NULL, NULL, NULL, NULL, NULL, NULL, NULL, 'PLANO', 'PLANO', '+2.50                  N5', NULL, NULL, NULL, NULL, NULL, NULL, NULL, NULL, NULL, NULL, NULL, NULL, NULL, NULL, 'DR Imasua K. U', NULL, NULL, 'GLAUCOMA SUSPECT', '2019-12-31 02:29:21', '2019-12-31 02:29:21'),
(71, 75, '<p>CC: &nbsp;TEARING, ITCHING, REACTS TO BRIGHT LIGHT ESPECIA;LLY SUNLIGHT.&nbsp;</p><p>ITCHING STARTED 2 DAYS AGO. USED CHLOROCAP NEYE DROP BUT NO IMPROVEMENT.</p>', NULL, NULL, 'First eye examination', '6/6-', '6/6-', NULL, NULL, NULL, NULL, NULL, NULL, NULL, NULL, NULL, NULL, NULL, NULL, '<p>OU: PERLLA, SWOLLEN LIDS/ERYTHEMA&nbsp;</p>', NULL, NULL, '<p>OPTHALMOSCOPY&nbsp;</p><p>OU : 0.3&nbsp;</p>', NULL, NULL, NULL, '19 YEARS', '66kg.', NULL, NULL, NULL, NULL, NULL, NULL, NULL, NULL, NULL, NULL, NULL, NULL, NULL, NULL, NULL, NULL, NULL, NULL, NULL, NULL, NULL, NULL, NULL, NULL, NULL, 'DR Imasua K. U', NULL, '<p>1. Formentation 2x daily&nbsp;</p><p>2. Gutt Occullerge i qdsX1/12 (OU)&nbsp;</p><p>3. Gutt Diclosphere i tds x 1/12(OU)</p><p>4. tab VItamin C ii tds x 1/52&nbsp;</p>', 'RE Chalazion, Allergic conjuctivitis and Blepritis', '2019-12-31 02:37:22', '2019-12-31 02:37:22'),
(72, 76, '<p>CC &nbsp; THERE IS A GROWTH IN HER UPPER EYELID, IT HAS BEEN THERE FOR MORE THAN A YEAR AGO. DO FEEL PAINS OCCASIOANLLY AND IT GETS SWOLLEN TOO.</p>', NULL, NULL, NULL, '6/6', '6/9-1', NULL, NULL, NULL, NULL, NULL, NULL, NULL, NULL, NULL, NULL, NULL, NULL, '<p>OU: PERRLA&nbsp;</p>', NULL, NULL, '<p>OPHTHALMOSCOPY:&nbsp;</p><p>OU 0.35</p>', NULL, NULL, NULL, '22', NULL, NULL, NULL, NULL, NULL, NULL, NULL, NULL, NULL, NULL, NULL, NULL, NULL, NULL, NULL, NULL, NULL, NULL, NULL, NULL, NULL, NULL, NULL, NULL, NULL, NULL, 'DR Imasua K. U', NULL, '<p>1. EDUCATIN AND COUNSEL</p><p>2. WARM COMPRESS PRN</p><p>3. GUTT CIPROFLOXACIN I QDS</p><p>4. GUTT DICLOSPHERE I QDS</p><p>5. RX TAB DICLOFENAC&nbsp;</p>', 'RE ChalazioN', '2019-12-31 02:48:52', '2019-12-31 02:48:52'),
(73, 77, '<p>CC: &nbsp;CAN\'T SEE CLEARLY. TEARING EVERY MORNING AND SANDY SENSATION&nbsp;</p>', NULL, NULL, NULL, NULL, NULL, NULL, NULL, NULL, NULL, NULL, NULL, '6/36', '6/36', NULL, NULL, NULL, NULL, '<p>OU: PERRLA&nbsp;</p>', NULL, NULL, NULL, NULL, '120/70MMHG', NULL, '61', NULL, NULL, NULL, NULL, NULL, NULL, NULL, NULL, NULL, '+1.50           VA6/9.', '+1.50           VA6/9', '2.50 DS    N5', NULL, NULL, NULL, NULL, NULL, NULL, NULL, NULL, NULL, NULL, NULL, NULL, NULL, NULL, 'DR Imasua K. U', NULL, '<p>1. GET GLASSES</p><p>2. GUTT DICLOSPHERE I TDS X2/52</p>', NULL, '2019-12-31 03:03:52', '2019-12-31 03:03:52'),
(74, 78, '<p>CC: &nbsp;CANT SEE CLEARLY. SMOKY VISION STARTED OVER A YEAR AGO</p>', NULL, NULL, 'First eye examination', 'HM', 'CF @1M', NULL, NULL, NULL, NULL, NULL, NULL, NULL, NULL, NULL, NULL, NULL, NULL, '<p>OU: PERRLA/ ARCUS SENELIS&nbsp;</p>', NULL, NULL, '<p>OPHTHALMOSCOPY&nbsp;</p><p>RE &nbsp;NO VIEW&nbsp;</p><p>LE &nbsp; POOR VIEW/ELO</p><p><br></p><p>DILATED FUNDUS EXAM&nbsp;</p><p>RE ; NO VIEW&nbsp;</p><p>LE: &nbsp;0.25 B</p>', NULL, NULL, 'FBS 83mg/dl', '60+', '45KG', NULL, NULL, NULL, NULL, NULL, NULL, NULL, NULL, NULL, NULL, NULL, NULL, NULL, NULL, NULL, NULL, NULL, NULL, NULL, NULL, NULL, NULL, NULL, NULL, NULL, 'DR Imasua K. U', NULL, '<p>1. tab antioxidants i daily prn&nbsp;</p><p>2. Get glasses</p><p>3. Gutt mandanol i qds X 1/12&nbsp;</p>', 'Cataract (BE)', '2019-12-31 03:13:37', '2019-12-31 03:13:37'),
(75, 79, '<p>CC: &nbsp;LE ALWAYS ITCHES HER&nbsp;</p>', NULL, NULL, NULL, '6/9', '6/9', NULL, NULL, NULL, NULL, NULL, NULL, NULL, NULL, NULL, NULL, NULL, NULL, '<p>OU: slight rednedss, PERRLA, pterygium&nbsp;</p>', NULL, NULL, '<p>OPHTH</p><p>OU 30%</p>', NULL, '144/90MMHg', NULL, '52', '81kg', NULL, NULL, NULL, NULL, NULL, NULL, NULL, NULL, 'PLANO', 'PLANO', '+2.00                  N5', NULL, NULL, NULL, NULL, NULL, NULL, NULL, NULL, NULL, NULL, NULL, NULL, NULL, NULL, 'DR Imasua K. U', NULL, '<p>1. Gutt Betamethansone neomycin eye drop&nbsp;</p><p>2. Get glasses&nbsp;</p><p>3. Chech FBS on next visit&nbsp;</p>', 'presbyopia and allergy', '2019-12-31 03:19:46', '2019-12-31 03:19:46'),
(76, 80, '<p>CC &nbsp; Eye pain especially under sunlight. started long ago. recent case started 2weeks ago.</p><p>feels pain, itching, tearing and reacts to light. Eyes sticks together every morning.&nbsp;</p>', NULL, NULL, NULL, '6/6-', '6/6-', NULL, NULL, NULL, NULL, NULL, NULL, NULL, NULL, NULL, NULL, NULL, NULL, '<p>OU &nbsp;ciliary injection/redness&nbsp;</p>', NULL, NULL, '<p>OPHTHALMOSCOPY&nbsp;</p><p>OU: 0.2 ND/M/V&nbsp;</p>', NULL, NULL, NULL, '14years', '42KG', NULL, NULL, NULL, NULL, NULL, NULL, NULL, NULL, '+0.25DS', '+0.25DS', NULL, NULL, NULL, NULL, NULL, NULL, NULL, NULL, NULL, NULL, NULL, NULL, NULL, NULL, NULL, 'DR Imasua K. U', NULL, '<p>\r\n\r\n</p><p>1. Gutt Diclosphere i tds x 1/12 (OU) </p><p>2. Gutt Ciproxacin i qds x 2/52 (OU) </p><p>3. Tab Vit Bco i daily </p><p>4. Tab vit C ii tds </p>\r\n\r\n<br><p></p>', 'Episceleritis', '2020-01-01 01:25:11', '2020-01-01 01:25:11'),
(77, 81, '<p>CC &nbsp; &nbsp; Itching and can\'t see clearly (OU). started long ago (over 2 years)&nbsp;</p>', NULL, NULL, NULL, NULL, NULL, NULL, NULL, NULL, NULL, NULL, NULL, NULL, NULL, NULL, NULL, NULL, NULL, '<p>OU:&nbsp; PERRLA, LE Pterygium&nbsp;</p>', NULL, NULL, '<p>OPHTHALMOSCOPY&nbsp;OD: 50%</p><p> &nbsp;OS: NO VIEW&nbsp;<br></p><p><br></p><p>DILATED FUNDUS EXAMINATION&nbsp;</p><p>REELO</p><p>LECataract, 50%</p>', NULL, '170/110mmHg', NULL, '70+', '45KG', NULL, NULL, NULL, NULL, NULL, NULL, NULL, NULL, NULL, NULL, NULL, NULL, NULL, NULL, NULL, NULL, NULL, NULL, NULL, NULL, NULL, NULL, NULL, NULL, NULL, 'DR Imasua K. U', NULL, '<p>1. monitor BP&nbsp;</p><p>2. Tab Vit C ii tds&nbsp;</p><p>3. Gutt Occullerge i qds&nbsp;</p><p>4. Gutt bDiclosphere i qds&nbsp;</p><p>5. Tab vitamin B complex i daily x1/52</p><p>6. To do Pterygiom excission&nbsp;</p><p>7. Education and counselling&nbsp;</p>', 'LE Cataract and Pterygium (OU)', '2020-01-01 01:43:16', '2020-01-01 01:46:16'),
(78, 82, '<p>CC&nbsp;Cant read tiny prints. Started a year ago.</p>', NULL, NULL, NULL, '6/9-', '6/9-', NULL, NULL, NULL, NULL, NULL, NULL, NULL, NULL, NULL, NULL, NULL, NULL, '<p>OU&nbsp;PERRLA, Slight poliosis</p>', NULL, NULL, '<p>OPHTHALMOSCOPY&nbsp;OU 30%</p>', NULL, '100/70 mmHg', NULL, '43', '95KG', NULL, NULL, NULL, NULL, NULL, NULL, NULL, NULL, 'PLANO', 'PLANO', '+1.50D       N5', NULL, NULL, NULL, NULL, NULL, NULL, NULL, NULL, NULL, NULL, NULL, NULL, NULL, NULL, 'DR Imasua K. U', NULL, '<p>1. Gutt ciprofloxacin i qds x1/12</p><p>2. get glasses</p>', 'PRESBYOPIA', '2020-01-01 01:54:49', '2020-01-01 01:54:49'),
(79, 83, '<p>CCCan\'t see the board clearly. reacts to light&nbsp;</p>', NULL, NULL, NULL, '6/24', '6/36', NULL, NULL, NULL, NULL, NULL, NULL, NULL, NULL, NULL, NULL, NULL, NULL, '<p>OU&nbsp;PERRLA&nbsp;</p>', NULL, NULL, '<p>OPHTH&nbsp;OU: 0.25&nbsp;</p>', NULL, NULL, NULL, '15 YEARS', '57KG', NULL, NULL, NULL, NULL, NULL, NULL, NULL, NULL, 'PLANO-0.25X180                                    6/6', 'PLANO-0.25X180                                    6/6', NULL, NULL, NULL, NULL, NULL, NULL, NULL, NULL, NULL, NULL, NULL, NULL, NULL, NULL, NULL, 'DR Imasua K. U', NULL, '<p>1. Gutt Ciprofloxacin i tds&nbsp;</p><p>2. tab vit Bco i daily&nbsp;</p><p>3. tab vit c ii tds&nbsp;</p><p>4. Get glasses&nbsp;</p>', NULL, '2020-01-01 02:02:52', '2020-01-01 02:02:52'),
(80, 84, '<p>CCCan\'t read tiny prints&nbsp;</p>', NULL, NULL, NULL, NULL, NULL, NULL, NULL, NULL, NULL, NULL, NULL, NULL, NULL, NULL, NULL, NULL, NULL, '<p>OU: PERRLA&nbsp;</p>', NULL, NULL, '<p>OPHTH&nbsp;OU: 0.2 ND/M/V</p>', NULL, '180/110mmHg', NULL, '53years', '55KG', NULL, NULL, NULL, NULL, NULL, NULL, NULL, NULL, '+1.00DS', '+1.00DS', '+2.50DS', NULL, NULL, NULL, NULL, NULL, NULL, NULL, NULL, NULL, NULL, NULL, NULL, NULL, NULL, 'DR Imasua K. U', NULL, '<p>1. Education and counselled&nbsp;</p><p>2. Monitor &nbsp;BP</p><p>3. Get glasses&nbsp;</p>', NULL, '2020-01-01 02:08:04', '2020-01-01 02:08:04'),
(81, 85, '<p>CCCloudy vision started long ago.</p>', '<p>Currently on anti-diabetic medications and insulin injection&nbsp;</p>', NULL, NULL, '6/60', 'CF @1M', NULL, NULL, NULL, NULL, NULL, NULL, NULL, NULL, NULL, NULL, NULL, NULL, '<p>OU&nbsp;Arcus senelis, PERRLA&nbsp;</p>', NULL, NULL, '<p>OPHTH &nbsp;OU: 0.1, Cotton wool spots&nbsp;</p><p><br></p><p>DFE&nbsp;OS: Drusen/Exudases&nbsp;</p>', NULL, '150/100mmHg', '362mg/dl', NULL, '55Kg', NULL, NULL, NULL, NULL, NULL, NULL, NULL, NULL, NULL, NULL, NULL, NULL, NULL, NULL, NULL, NULL, NULL, NULL, NULL, NULL, NULL, NULL, NULL, NULL, NULL, 'DR Imasua K. U', NULL, '<p>1. Monitor Blood sugar&nbsp;</p><p>2. Tab antioxidants&nbsp;</p><p>3. Gutt Mandanol i tds x1.12 (ou)&nbsp;</p>', 'Diabetic retinopathy', '2020-01-01 02:19:09', '2020-01-01 02:19:09'),
(82, 86, '<p>CC seeing spots (blackish dot) in both eyes. started 3years ago. uses glasses</p>', NULL, NULL, NULL, NULL, NULL, '6/18', '6/18', '6/12', '6/12', NULL, NULL, NULL, NULL, NULL, NULL, NULL, NULL, '<p>OU: PERRLA, Slight redness</p>', NULL, NULL, '<p>OPHTHOU: 0.1&nbsp;</p>', NULL, NULL, '150/80mmHg', '62', '61kg', NULL, NULL, NULL, NULL, NULL, NULL, NULL, NULL, '+0.50                           VA 6/12+', '+0.50                           VA 6/12+', NULL, NULL, NULL, NULL, NULL, NULL, NULL, NULL, NULL, NULL, NULL, NULL, NULL, NULL, NULL, 'DR Imasua K. U', NULL, '<p>1. Get glasses</p><p>2. Gutt Hypromellose</p>', NULL, '2020-01-03 01:24:38', '2020-01-03 01:24:38'),
(83, 87, '<p>CCOcc sharp pain (LE). Nose pad is missing. needs replacement&nbsp;</p>', NULL, NULL, 'General hospital Ogwashiku (Dr Odisae Chuks ) 2years ago', '6/12-2', '6/12-1', NULL, NULL, NULL, NULL, NULL, NULL, NULL, NULL, NULL, NULL, '+0.25    ADD +2.75', '+0.25    ADD +2.75', '<p>OU &nbsp;PERRLA&nbsp;</p>', NULL, NULL, '<p>OPHTH &nbsp;&nbsp;OU: 0.2&nbsp;</p>', NULL, '130/80mmHg', '114mg/dl', '67 years', '70kg', NULL, NULL, NULL, NULL, NULL, NULL, NULL, NULL, '+0.50                           VA 6/9', '+0.50                           VA 6/9-1', '+2.50                  N5', NULL, NULL, NULL, NULL, NULL, NULL, NULL, NULL, NULL, NULL, NULL, NULL, NULL, NULL, 'DR Imasua K. U', NULL, '<p>1. chnage nose pad&nbsp;</p>', NULL, '2020-01-03 01:34:29', '2020-01-03 01:34:29'),
(84, 88, '<p>CCCan\'t see well. started 5months ago. Eye paib and tearing &nbsp;</p>', NULL, NULL, NULL, '6/36+1', '6/12', NULL, NULL, NULL, NULL, NULL, NULL, NULL, NULL, NULL, NULL, NULL, NULL, '<p>OUPERRLA&nbsp;</p>', NULL, NULL, '<p>OPHTH&nbsp;</p><p>OD:0.2, minute ELO&nbsp;</p><p>OS: 0.2</p>', NULL, NULL, NULL, '56', '81', NULL, NULL, NULL, NULL, NULL, NULL, NULL, NULL, '+1.00', '+1.00', '+2.50                  N5', NULL, NULL, NULL, NULL, NULL, NULL, NULL, NULL, NULL, NULL, NULL, NULL, NULL, NULL, 'DR Imasua K. U', NULL, '<p>1. Education and Counselling&nbsp;</p><p>2. Get glasses</p><p>3. Continue with catalin medication</p>', 'Incipient cataract (OD) and Hyperopic presbyope', '2020-01-03 02:05:11', '2020-01-03 02:05:11'),
(85, 89, '<p>CC Has glaucom, was diagnosed 5 years&nbsp;</p>', NULL, NULL, NULL, 'LP', '3/18', NULL, NULL, NULL, NULL, NULL, NULL, NULL, NULL, NULL, NULL, NULL, NULL, '<p>OU: RAPD, FIXED DIALATED PUPIL&nbsp;</p>', NULL, NULL, '<p>OPHTH&nbsp;OD: 90%.&nbsp;OS: MACULOPATHY, 90%</p>', NULL, NULL, NULL, '59', NULL, NULL, NULL, NULL, NULL, NULL, NULL, NULL, NULL, 'PLANO', 'PLANO', '+3.00    N24', NULL, NULL, NULL, NULL, NULL, NULL, NULL, NULL, NULL, NULL, NULL, NULL, NULL, NULL, 'DR Imasua K. U', NULL, '<p>1. CONTINUE WITH ANTIGLAUCOMA MEDICATION</p><p>2. EDUCATION AND COUNSELLED</p><p>3. GET GLASSES&nbsp;</p>', 'END STAGE GLAUCOMA', '2020-01-03 02:41:02', '2020-01-03 02:41:02'),
(86, 90, '<p>CCcant &nbsp;read tiny prints started few months ago&nbsp;</p><p><br></p>', NULL, NULL, 'First eye examination', '6/9-', '6/9-', NULL, NULL, NULL, NULL, NULL, NULL, NULL, NULL, NULL, NULL, NULL, NULL, '<p>OU: PERRLA</p>', NULL, NULL, '<p>ophth: ou: 0.2</p>', NULL, '130/80mmHg', NULL, '44 years', '88kg', NULL, NULL, NULL, NULL, NULL, NULL, NULL, NULL, 'plano', 'plano', '+2.00               N5', NULL, NULL, NULL, NULL, NULL, NULL, NULL, NULL, NULL, NULL, NULL, NULL, NULL, NULL, 'DR Imasua K. U', '<p>DX; presbyopia</p>', '<p>1. Get glasses</p><p>2. Education and cruselled</p><p>&nbsp; &nbsp; &nbsp; &nbsp; &nbsp; &nbsp; &nbsp; &nbsp; &nbsp; &nbsp; &nbsp; &nbsp; &nbsp; &nbsp; &nbsp; &nbsp; &nbsp; &nbsp; &nbsp; &nbsp; &nbsp; &nbsp; &nbsp; &nbsp; &nbsp; &nbsp; &nbsp; &nbsp; &nbsp; &nbsp; &nbsp; &nbsp; &nbsp; &nbsp; &nbsp; &nbsp; &nbsp; &nbsp; &nbsp; &nbsp; &nbsp; &nbsp; &nbsp; &nbsp;f+l+c=5000</p>', NULL, '2020-01-07 05:46:06', '2020-01-07 05:46:06'),
(87, 90, '<p>CCcant &nbsp;read tiny prints started few months ago&nbsp;</p><p><br></p>', NULL, NULL, 'First eye examination', '6/9-', '6/9-', NULL, NULL, NULL, NULL, NULL, NULL, NULL, NULL, NULL, NULL, NULL, NULL, '<p>OU: PERRLA</p>', NULL, NULL, '<p>ophth: ou: 0.2</p>', NULL, '130/80mmHg', NULL, '44 years', '88kg', NULL, NULL, NULL, NULL, NULL, NULL, NULL, NULL, 'plano', 'plano', '+2.00               N5', NULL, NULL, NULL, NULL, NULL, NULL, NULL, NULL, NULL, NULL, NULL, NULL, NULL, NULL, 'DR Imasua K. U', '<p>DX; presbyopia</p>', '<p>1. Get glasses</p><p>2. Education and cruselled</p><p>&nbsp; &nbsp; &nbsp; &nbsp; &nbsp; &nbsp; &nbsp; &nbsp; &nbsp; &nbsp; &nbsp; &nbsp; &nbsp; &nbsp; &nbsp; &nbsp; &nbsp; &nbsp; &nbsp; &nbsp; &nbsp; &nbsp; &nbsp; &nbsp; &nbsp; &nbsp; &nbsp; &nbsp; &nbsp; &nbsp; &nbsp; &nbsp; &nbsp; &nbsp; &nbsp; &nbsp; &nbsp; &nbsp; &nbsp; &nbsp; &nbsp; &nbsp; &nbsp; &nbsp;f+l+c=5000</p>', NULL, '2020-01-07 05:52:04', '2020-01-07 05:52:04');

-- --------------------------------------------------------

--
-- Table structure for table `migrations`
--

CREATE TABLE `migrations` (
  `id` int(10) UNSIGNED NOT NULL,
  `migration` varchar(191) COLLATE utf8mb4_unicode_ci NOT NULL,
  `batch` int(11) NOT NULL
) ENGINE=InnoDB DEFAULT CHARSET=utf8mb4 COLLATE=utf8mb4_unicode_ci;

--
-- Dumping data for table `migrations`
--

INSERT INTO `migrations` (`id`, `migration`, `batch`) VALUES
(1, '2014_10_12_000000_create_users_table', 1),
(2, '2014_10_12_100000_create_password_resets_table', 1),
(3, '2019_10_22_002818_create_patients_table', 1),
(4, '2019_10_23_111436_create_notifications_table', 1),
(5, '2019_10_27_103711_create_relatedfiles_table', 1),
(6, '2019_10_28_145444_create_casefiles_table', 1);

-- --------------------------------------------------------

--
-- Table structure for table `notifications`
--

CREATE TABLE `notifications` (
  `id` char(36) COLLATE utf8mb4_unicode_ci NOT NULL,
  `type` varchar(191) COLLATE utf8mb4_unicode_ci NOT NULL,
  `notifiable_type` varchar(191) COLLATE utf8mb4_unicode_ci NOT NULL,
  `notifiable_id` bigint(20) UNSIGNED NOT NULL,
  `data` text COLLATE utf8mb4_unicode_ci NOT NULL,
  `read_at` timestamp NULL DEFAULT NULL,
  `created_at` timestamp NULL DEFAULT NULL,
  `updated_at` timestamp NULL DEFAULT NULL
) ENGINE=InnoDB DEFAULT CHARSET=utf8mb4 COLLATE=utf8mb4_unicode_ci;

-- --------------------------------------------------------

--
-- Table structure for table `password_resets`
--

CREATE TABLE `password_resets` (
  `email` varchar(191) COLLATE utf8mb4_unicode_ci NOT NULL,
  `token` varchar(191) COLLATE utf8mb4_unicode_ci NOT NULL,
  `created_at` timestamp NULL DEFAULT NULL
) ENGINE=InnoDB DEFAULT CHARSET=utf8mb4 COLLATE=utf8mb4_unicode_ci;

-- --------------------------------------------------------

--
-- Table structure for table `patients`
--

CREATE TABLE `patients` (
  `id` int(10) UNSIGNED NOT NULL,
  `fullname` varchar(191) COLLATE utf8mb4_unicode_ci NOT NULL,
  `slug` varchar(191) COLLATE utf8mb4_unicode_ci NOT NULL,
  `parentname` varchar(191) COLLATE utf8mb4_unicode_ci DEFAULT NULL,
  `address` varchar(191) COLLATE utf8mb4_unicode_ci DEFAULT NULL,
  `occupation` varchar(191) COLLATE utf8mb4_unicode_ci DEFAULT NULL,
  `phonenumber` varchar(191) COLLATE utf8mb4_unicode_ci DEFAULT NULL,
  `alternativephonenumber` varchar(191) COLLATE utf8mb4_unicode_ci DEFAULT NULL,
  `nextofkin` varchar(191) COLLATE utf8mb4_unicode_ci DEFAULT NULL,
  `dateofbirth` varchar(191) COLLATE utf8mb4_unicode_ci NOT NULL,
  `dateofbirthexceptyear` varchar(191) COLLATE utf8mb4_unicode_ci NOT NULL,
  `cliniccardnumber` varchar(191) COLLATE utf8mb4_unicode_ci NOT NULL,
  `created_at` timestamp NULL DEFAULT NULL,
  `updated_at` timestamp NULL DEFAULT NULL,
  `sex` varchar(10) COLLATE utf8mb4_unicode_ci DEFAULT NULL,
  `regdate` varchar(191) COLLATE utf8mb4_unicode_ci DEFAULT NULL
) ENGINE=InnoDB DEFAULT CHARSET=utf8mb4 COLLATE=utf8mb4_unicode_ci;

--
-- Dumping data for table `patients`
--

INSERT INTO `patients` (`id`, `fullname`, `slug`, `parentname`, `address`, `occupation`, `phonenumber`, `alternativephonenumber`, `nextofkin`, `dateofbirth`, `dateofbirthexceptyear`, `cliniccardnumber`, `created_at`, `updated_at`, `sex`, `regdate`) VALUES
(1, 'Mrs Ukpebor N.E', 'mrs-ukpebor-ne', NULL, NULL, 'Teaching', '08034680080', NULL, NULL, '2018-01-01', '12-01', 'AGB/18/001', '2019-12-15 15:08:14', '2019-12-15 15:14:33', 'female', NULL),
(2, 'Mrs Okwuolise', 'mrs-okwuolise', NULL, NULL, 'null', '08060597898', NULL, NULL, '2018-01-01', '01-01', 'AGB/18/002', '2019-12-15 15:19:00', '2019-12-15 15:19:00', 'female', NULL),
(3, 'Mrs Onwulie Ifeoma', 'mrs-onwulie-ifeoma', NULL, '32 Iwezue street BojiBoji Owa', 'Trading', '08032723770', NULL, NULL, '1980-10-06', '10-06', 'AGB/18/003', '2019-12-15 15:22:51', '2019-12-15 15:22:51', 'female', NULL),
(5, 'Mrs Monye Racheal', 'mrs-monye-racheal', NULL, '2 Christo Street off obi road Uromi junction', 'Teaching', '08068281243', '09063106331', NULL, '2018-01-01', '01-01', 'AGB/18/004', '2019-12-15 15:26:44', '2019-12-15 15:26:44', 'female', NULL),
(6, 'Mr Anazia .O. Anthony', 'mr-anazia-o-anthony', NULL, 'No 10 Pastor Okwuonye Close off Johnson Igwe Street owa', 'Retired civil servant (Teaching)', NULL, NULL, '08036156989', '1964-10-28', '10-28', 'AGB/18/005', '2019-12-15 15:31:00', '2019-12-15 15:31:00', 'male', NULL),
(8, 'Mrs Agholor Victoria', 'mrs-agholor-victoria', NULL, 'Number 1 Ugboeze street Ediken Quater Agbor', 'Retired civil servant', '08037854444', NULL, NULL, '1953-03-29', '03-29', 'AGB/18/006', '2019-12-15 15:46:46', '2019-12-15 15:46:46', 'female', '2018-05-09'),
(9, 'MR FELIX NKAKA', 'mr-felix-nkaka', NULL, 'No 6 GODWIN EMEFIELE STRRET AGBOR', 'BUSINESS', '08138458399', NULL, NULL, '2018-01-01', '01-01', 'AGB/18/007', '2019-12-17 01:39:27', '2019-12-17 01:39:27', 'male', '2018-05-09'),
(10, 'MRS UKADIKE ANWULI JOY', 'mrs-ukadike-anwuli-joy', NULL, 'No 2 UKADIKE LANE AGBOR', 'CIVIL SERVANT', '08133518863', NULL, NULL, '1975-12-30', '12-30', 'AGB/18/008', '2019-12-17 01:44:00', '2019-12-17 01:44:00', 'female', '2018-05-09'),
(11, 'MR EGBON ISRAEL CHUKWUEMEKE', 'mr-egbon-israel-chukwuemeke', NULL, 'NO 2 CHUKWUEMEKE CLOSE BOJI-BOJI OWA', 'TEACHING', '08062153286', '08063935089', NULL, '1964-02-02', '02-02', 'AGB/18/009', '2019-12-17 03:56:16', '2019-12-17 03:56:16', 'male', '2018-05-10'),
(12, 'MRS OGBEIDE NGOZI', 'mrs-ogbeide-ngozi', NULL, 'NO 32 0GOCHUKWU STREET B.B OWA', 'CLERGY', '07037415561', NULL, NULL, '1978-04-08', '04-08', 'AGB/18/0010', '2019-12-17 06:24:00', '2019-12-17 06:24:00', 'female', '2018-05-11'),
(13, 'MR OSAKWE NELSON', 'mr-osakwe-nelson', NULL, 'NO 78 MORKA STREET', 'STUDENT', '09033336484', NULL, NULL, '1993-09-07', '09-07', 'AGB/18/0011', '2019-12-18 02:50:55', '2019-12-18 02:50:55', 'male', '2018-05-14'),
(14, 'BARRISTER CHUKWUDI BLESSING', 'barrister-chukwudi-blessing', NULL, 'CEMENTARY BY OKOBI STREET', 'SOLICITOR', '08038927513', NULL, NULL, '1983-01-19', '01-19', 'AGB/18/0012', '2019-12-18 03:20:04', '2019-12-18 03:20:04', 'female', '2018-05-14'),
(15, 'MR JULIUS IKHU.', 'mr-julius-ikhu', NULL, 'NO 5 GBENOBA STREET', 'TEACHING', '07034971686', NULL, NULL, '1974-12-06', '12-06', 'AGB/18/0013', '2019-12-18 03:38:25', '2019-12-18 03:38:25', 'male', '2018-05-15'),
(16, 'MISS GODSGIFT MICHAEL', 'miss-godsgift-michael', NULL, NULL, 'STUDENT', '0703007122', NULL, NULL, '1999-07-12', '07-12', 'AGB/18/0014', '2019-12-18 03:46:54', '2019-12-18 03:46:54', 'female', '2018-05-15'),
(17, 'MRS NGOZI KIRIMONU.', 'mrs-ngozi-kirimonu', NULL, 'BACK OF HOLY INFANT .', 'CIVIL SERVANT', '08065865675', NULL, NULL, '1975-05-25', '05-25', 'AGB/18/0015', '2019-12-18 04:04:28', '2019-12-18 04:04:28', 'female', '2018-05-16'),
(18, 'MISS AKAWE BLESSING', 'miss-akawe-blessing', NULL, 'NO 114 OLD ABRAKA ROAD BOJI BOJI OWA', 'CORPER', '08135022982', NULL, NULL, '1993-11-07', '11-07', 'AGB/18/0016', '2019-12-18 04:18:20', '2019-12-18 04:18:20', 'female', '2018-05-16'),
(19, 'MRS CHIEMEKA FRANCISCA .E.', 'mrs-chiemeka-francisca-e', NULL, 'DDPA HOUSING ESTATE.', 'TEACHING', '07035792505', NULL, NULL, '1952-12-29', '12-29', 'AGB/18/0017.', '2019-12-18 04:30:33', '2019-12-18 04:30:33', 'female', '2018-05-16'),
(20, 'MRS ONYEKPE .C. OBIJULU.', 'mrs-onyekpe-c-obijulu', NULL, 'NO 1 OKPOMA SREET , ALIAGWU.', 'TEACHING', '08063931480', NULL, NULL, '1959-03-12', '03-12', 'AGB/18/0018', '2019-12-18 04:41:56', '2019-12-18 04:41:56', 'female', '2018-05-17'),
(21, 'MRS ODIASE .O. GLORIA.', 'mrs-odiase-o-gloria', NULL, 'NO 8 CHRISTO OGALA STREET AGBOR.', 'TEACHING.', '08032860374', NULL, NULL, '1960-10-25', '10-25', 'AGB/18/0019.', '2019-12-18 04:56:20', '2019-12-18 04:56:20', 'female', '2018-05-17'),
(22, 'BARRISTER SUNDAY OKWUOLISE.', 'barrister-sunday-okwuolise', NULL, NULL, 'LAWYER', '08146649010', NULL, NULL, '1970-05-12', '05-12', 'AGB/18/0020', '2019-12-19 01:38:00', '2019-12-19 01:38:00', 'male', '2018-05-21'),
(23, 'REVEREND EDGAR ONYEBUCHI.', 'reverend-edgar-onyebuchi', NULL, 'NO 5 ORIEKAOSE STREET, AGBOR.', 'CLERGY.', '07034383186', NULL, NULL, '1970-04-15', '04-15', 'AGB/18/0021.', '2019-12-19 01:51:18', '2019-12-19 01:51:18', 'male', '2018-05-21'),
(24, 'MR OSAYI CLEMENT.', 'mr-osayi-clement', NULL, 'NO 3 0SAYI STREET, EKUKWO AGBOR.', 'RETIRED TEACHER', '08169211095', NULL, NULL, '1958-04-11', '04-11', 'AGB/18/0022', '2019-12-19 02:06:54', '2019-12-19 02:06:54', 'male', '2018-05-22'),
(25, 'MISS IGWE GLORIA.', 'miss-igwe-gloria', NULL, 'NO 6 OZA ROAD, AGBOR-OBI.', 'STUDENT.', '08121337382', '07060594843', NULL, '1998-11-09', '11-09', 'AGB/18/0023.', '2019-12-19 02:19:27', '2019-12-19 02:19:27', 'female', '2018-05-22'),
(26, 'MR EHIAGHE ANTHONY.', 'mr-ehiaghe-anthony', NULL, 'NO 42 EDIKEN STREET.', 'TEACHING', '08035767350', NULL, NULL, '1966-10-20', '10-20', 'AGB/18/0024.', '2019-12-19 02:29:40', '2019-12-19 02:29:40', 'male', '2018-05-23'),
(27, 'MR BARDI JOHN.', 'mr-bardi-john', NULL, 'OGBE OWELLE ,ISSELE UKU.', 'STUDENT', '08133036286', NULL, NULL, '1995-03-25', '03-25', 'AGB/18/0025.', '2019-12-19 02:44:25', '2019-12-19 02:44:25', 'male', '2018-05-24'),
(28, 'MRS OWAH CHRISTIANA UCHE.', 'mrs-owah-christiana-uche', NULL, '22 IBE LANE OFFUPPER IMUDIA STREET,AGBOR.', 'TEACHING', '080372441928', NULL, NULL, '1964-07-17', '07-17', 'AGB/18/0026.', '2019-12-19 02:55:01', '2019-12-19 02:55:01', 'female', '2018-05-24'),
(29, 'MRS OGANA PATRICIA.', 'mrs-ogana-patricia', NULL, 'ISSELE-UKU ,AGBOR.', 'NURSE', '08037758587', NULL, NULL, '1960-06-07', '06-07', 'AGB/18/0027', '2019-12-19 03:02:31', '2019-12-19 03:02:31', 'female', '2018-05-26'),
(30, 'MRS BLESSED IFEANYICHUKWU.', 'mrs-blessed-ifeanyichukwu', NULL, 'NO 91 IMUDIA STREET AGBOR.', 'TEACHING', '08135392035', NULL, NULL, '1983-05-27', '05-27', 'AGB/18/0028.', '2019-12-19 03:20:28', '2019-12-19 03:20:28', 'female', '2018-05-29'),
(31, 'MISS OSEMEKE FAVOUR IFEOMA', 'miss-osemeke-favour-ifeoma', NULL, 'NO 12 EDOBOR STREET AGBOR.', 'STUDENT.', '08131984889', NULL, NULL, '1998-04-20', '04-20', 'AGB/18/0029.', '2019-12-19 03:29:11', '2019-12-19 03:29:11', 'female', '2018-05-29'),
(32, 'MISS DIVINE GLORY ONYESOM', 'miss-divine-glory-onyesom', NULL, 'NO 32 EBEYE STREET AGBOR.', 'STUDENT', '08030552726', NULL, NULL, '1993-10-18', '10-18', 'AGB/18/0030', '2019-12-19 03:38:42', '2019-12-19 03:38:42', 'female', '2018-05-30'),
(33, 'MRS ENAIGBE BELLONIA HELEN.', 'mrs-enaigbe-bellonia-helen', NULL, 'NO 62 OBIKECHUKWU ROAD.', 'TEACHING', '08135696922', NULL, NULL, '1964-05-22', '05-22', 'AGB/18/0031', '2019-12-19 03:48:35', '2019-12-19 03:48:35', 'female', '2018-05-30'),
(34, 'MRS ADAMU FELICIA.', 'mrs-adamu-felicia', NULL, 'NO 10 BALEKE STREET.', 'RETIRED TEACHER (BUSINESS).', '08060147706', NULL, NULL, '1953-02-28', '02-28', 'AGB/18/0032', '2019-12-19 04:08:00', '2019-12-19 04:08:00', 'female', '2018-05-31'),
(35, 'MRS OSEAGHALE BEATRICE', 'mrs-oseaghale-beatrice', NULL, 'NO 53 EGULEMU STREET', 'RETIRED TEACHER', '08063734141', NULL, NULL, '1959-04-04', '04-04', 'AGB/18/0033', '2019-12-20 00:28:52', '2019-12-20 00:28:52', 'female', '2018-05-31'),
(36, 'MRS OZOR FELICIA.', 'mrs-ozor-felicia', NULL, 'NO 1 OSAKWE CLOSE', 'TEACHING', '08068512512', NULL, NULL, '1961-02-07', '02-07', 'AGB/18/0034', '2019-12-21 03:26:18', '2019-12-21 03:26:18', 'female', '2018-05-31'),
(37, 'MASTER OZIOMA CHRISTIAN.', 'master-ozioma-christian', NULL, 'NO 1 OZIOMA CLOSE.', 'student', '09063202801', NULL, '08115138748 (Dad).', '2000-05-19', '05-19', 'AGB/18/0035.', '2019-12-21 03:44:18', '2019-12-21 03:44:18', 'male', '0018-06-01'),
(38, 'MRS NKEKI JULIET.', 'mrs-nkeki-juliet', NULL, 'NO 22a EDIKEN STREET AGBOR OBI.', 'CIVIL SERVANT (TEACHING).', '08033964066', NULL, NULL, '1959-07-07', '07-07', 'AGB/18/0036.', '2019-12-21 03:56:35', '2019-12-21 03:56:35', 'female', '2018-06-01'),
(39, 'PASTOR KINGSLEY IRABOR.', 'pastor-kingsley-irabor', NULL, 'NO 3 IBUDE CLOSE AGBOR OBI.', 'CIVIL SERVANT(NPF).', '090318550711', NULL, NULL, '1965-02-14', '02-14', 'AGB/18/0037', '2019-12-21 05:00:56', '2019-12-21 05:00:56', 'male', '2018-06-22'),
(40, 'MR BARRY OHIA (RIP).', 'mr-barry-ohia-rip', NULL, 'OLD MOTOR SPARE PART MARKET (OFFICE ADDRESS).', 'TRADING', '08033800210', NULL, NULL, '1966-05-27', '05-27', 'AGB/18/0038', '2019-12-21 05:20:55', '2019-12-21 05:20:55', 'male', '2018-06-05'),
(41, 'MR. ODINGA', 'mr-odinga', NULL, '207 OLD LAGOS ASABA ROAD.', 'BUSINESS', '08033486742', NULL, NULL, '1958-08-25', '08-25', 'AGB/18/0039', '2019-12-21 05:39:00', '2019-12-21 05:39:00', 'male', '2018-06-05'),
(43, 'MRS SCHOLAR CHUKWUSA EMMANUEL', 'mrs-scholar-chukwusa-emmanuel', NULL, 'AREA COMMAND MTD AGBOR', 'POLICE OFFICER', '08135785821', NULL, NULL, '1978-01-03', '01-03', 'AGB/18/040', '2019-12-24 02:11:47', '2019-12-24 02:11:47', 'female', '2018-06-05'),
(44, 'MRS FADA NKECHI', 'mrs-fada-nkechi', NULL, '7 CHARLSE STRRET AGBOR', 'CIVIL SERVANT', '08134271400', NULL, NULL, '1965-04-14', '04-14', 'AGB/18/0041', '2019-12-24 02:55:20', '2019-12-24 02:55:20', 'female', '2108-06-06'),
(45, 'MRS REGINA DIAGBOYA', 'mrs-regina-diagboya', NULL, '19 ISEDE STREET AGBOR', 'NIL', NULL, '07038249028', NULL, '2018-11-01', '11-01', 'AGB/18/0042', '2019-12-24 03:12:27', '2019-12-24 03:12:27', 'female', '2018-06-07'),
(46, 'MISS IMASUS AMINO SONIA DUMKELE', 'miss-imasus-amino-sonia-dumkele', 'MRS IMASUA ANTHONIA', NULL, 'STUDENT', NULL, '08033486743', NULL, '2011-05-11', '05-11', 'AGB/18/0043', '2019-12-24 03:21:17', '2019-12-24 03:21:17', 'female', '2018-06-07'),
(47, 'MRS OSEMEKE CHRISTIANA', 'mrs-osemeke-christiana', NULL, '22 ODEH STREET AGBOR', 'NIL', NULL, NULL, NULL, '1946-10-10', '10-10', 'AGB/18/0044', '2019-12-25 02:33:50', '2019-12-25 02:33:50', 'female', '2018-06-07'),
(48, 'MISS PETER-CHUKS EWERE', 'miss-peter-chuks-ewere', 'MRS MEKIRIUWA G', '7 JONAS CRESCENT OFF KINGSLEY STREET', 'STUDENT', NULL, '08032744272', NULL, '2006-10-24', '10-24', 'AGB/18/0045', '2019-12-25 04:23:06', '2019-12-25 04:23:06', 'female', '2018-06-08'),
(49, 'MISS ONYEMA CHIOMA JENNIFER', 'miss-onyema-chioma-jennifer', NULL, '39 DDPA HOUSING ESTATE', 'STUDENT', '07034982285', NULL, NULL, '1998-12-08', '12-08', 'AGB/18/0046', '2019-12-25 04:29:32', '2019-12-25 04:29:32', 'female', '2018-06-09'),
(50, 'MISS EZE JENNIFER', 'miss-eze-jennifer', NULL, '12 AYO BEN STRRET AGBOR', 'STUDENT', '09050160165', NULL, NULL, '2003-02-05', '02-05', 'AGB/18/0047', '2019-12-25 04:38:41', '2019-12-25 04:38:41', 'female', '2018-06-11'),
(51, 'MRS ALAGBA BLESSSING', 'mrs-alagba-blesssing', NULL, '2 NKEMACHIR STREET WINNERS ROAD ALIHME', 'CIVIL SERVANT', '08133016255', NULL, NULL, '1988-09-25', '09-25', 'AGB/19/0048', '2019-12-25 04:44:33', '2019-12-25 04:44:33', 'female', '2018-06-11'),
(52, 'MR ISIZA FRANCIS', 'mr-isiza-francis', NULL, '2 NKEMACHOR STREET ALIHAME', 'CIVIL SERVANT', '08034141938', NULL, NULL, '1981-10-19', '10-19', 'AGB/18/0049', '2019-12-25 04:53:46', '2019-12-25 04:53:46', 'male', '2018-06-11'),
(53, 'MRS DIBIE EUCHARIAN', 'mrs-dibie-eucharian', NULL, '6 UMUDEIN LANE OFF UMEDEIN STREET', 'BANKING', '08033009562', NULL, NULL, '1970-03-15', '03-15', 'AGB/18/0050', '2019-12-25 04:59:35', '2019-12-25 04:59:35', 'male', '2018-06-11'),
(54, 'MRS NIMMEDU NGOZI', 'mrs-nimmedu-ngozi', NULL, 'POLICE BARRACK AGBOR', 'CIVIL SERVANT (NPF)', '08054117154', NULL, NULL, '1972-10-04', '10-04', 'AGB/18/0051', '2019-12-25 05:09:43', '2019-12-25 05:09:43', 'female', '2018-06-12'),
(55, 'MRS EGUN JOY', 'mrs-egun-joy', NULL, '31B  ABUDE STRRET AGBOR', 'CIVIL SERVANT (TEACHING)', '08037571293', NULL, NULL, '1969-05-05', '05-05', 'AGB/18/0052', '2019-12-25 05:17:47', '2019-12-25 05:17:47', 'female', '2018-06-12'),
(56, 'HON IMASUA AMINO A', 'hon-imasua-amino-a', NULL, 'LOUIS DIBIE STREET AGBOR OBI', 'CIVIL SERVANT', '08033486743', NULL, NULL, '1969-10-27', '10-27', 'AGB/18/0053', '2019-12-28 00:26:50', '2019-12-28 00:26:50', 'male', '2018-06-12'),
(57, 'MRS IDEGBEKWE VERONICA', 'mrs-idegbekwe-veronica', NULL, '16 BCONSTANCE OKORIE LANE ORIKEZE AVENUE', 'CIVIL SERVANT (TEACHING)', '07036505051', '08032603906', 'MR LUCKY IDEGBEKWE', '1972-05-26', '05-26', 'AGB/18/0054', '2019-12-28 00:41:34', '2019-12-28 00:41:34', 'male', '2018-06-13'),
(58, 'MR MOHAMMMED ACHA', 'mr-mohammmed-acha', NULL, '1 NWAMMA CLOSE OFF UPPER OGBENI STREET OWA EKEI ROAD', 'CIVIL SERVANT', '08032646231', NULL, NULL, '1976-08-12', '08-12', 'AGB/18/0055', '2019-12-28 00:49:44', '2019-12-28 00:49:44', 'male', '2018-06-14'),
(59, 'MR OHAERI CHRISTIAN', 'mr-ohaeri-christian', NULL, '1 AGBAEGO STREET OKPANAM ASABA', 'BANKING', '08037340466', NULL, NULL, '1980-09-30', '09-30', 'AGB/18/0056', '2019-12-28 00:58:35', '2019-12-28 00:58:35', 'male', '2018-06-14'),
(60, 'MRS OBUSEH FELECIA', 'mrs-obuseh-felecia', NULL, '2 OPIA LANE BB OWA', 'CIVIL SERVANT (TEACHING)', '08038637733', NULL, NULL, '1949-05-05', '05-05', 'AGB/18/0057', '2019-12-28 01:08:14', '2019-12-28 01:08:14', 'female', '2018-06-14'),
(61, 'MRS OSEMEHA NGOZI', 'mrs-osemeha-ngozi', NULL, '7 ABUDE BY ARIMOKWU STREET AGBOR', 'CIVIL SERVANT', '07067141838', NULL, NULL, '1974-06-19', '06-19', 'AGB/18/0058', '2019-12-28 01:45:18', '2019-12-28 01:45:18', 'female', '2018-06-14'),
(62, 'MASTER CHUKS OLISE', 'master-chuks-olise', 'MR OLISE NZETE', 'NDEMILLI', 'STUDENT', NULL, '08035461825', NULL, '2014-11-12', '11-12', 'AGB/18/0059', '2019-12-28 01:57:10', '2019-12-28 01:57:10', 'male', '2018-06-15'),
(63, 'MR OLISE NZETE AZUBUIKE', 'mr-olise-nzete-azubuike', NULL, 'NDEMILLI', 'TEACHING', '08035461825', NULL, NULL, '1975-04-24', '04-24', 'AGB/18/0060', '2019-12-28 02:03:37', '2019-12-28 02:03:37', 'male', '2018-06-15'),
(64, 'MRS IJAGUN SUSAN', 'mrs-ijagun-susan', NULL, '5 EMEFIELE STREET AGBOR', 'TEACHING', '0810813879', '07038180058', 'PASTOR IJAGUN RICHARD', '1980-10-27', '10-27', 'AGB/18/0061', '2019-12-28 02:12:20', '2019-12-28 02:12:20', 'female', '2018-06-15'),
(65, 'MR OGANBOR FRIDAY', 'mr-oganbor-friday', NULL, '23 EDOBOR STREET OFF UPPER IMUDIA STREET AGBOR', 'CONTRACTOR', '08031946022', NULL, NULL, '1975-06-15', '06-15', 'AGB/18/0062', '2019-12-28 04:00:26', '2019-12-28 04:00:26', 'male', '2018-06-16'),
(66, 'MRS MORDI MARY', 'mrs-mordi-mary', NULL, '12 QUEEN STREET AGBOR', 'CIVIL SERVANT', '08067039668', NULL, NULL, '1955-04-08', '04-08', 'AGB/18/0063', '2019-12-28 04:07:28', '2019-12-28 04:07:28', 'female', '2018-06-18'),
(67, 'MR OSEROKE BASIL.', 'mr-oseroke-basil', NULL, '117 UPPER IMUDIA STREET AGBOR.', 'CIVIL SERVANT.', '08064273390', NULL, NULL, '1976-10-04', '10-04', 'AGB/18/0064', '2019-12-29 02:44:56', '2019-12-29 02:44:56', 'male', '2018-06-18'),
(68, 'MRS EDOSOMAH NGOZI', 'mrs-edosomah-ngozi', NULL, '67 MORKA STREET BOJI BOJI OWA', 'CIVIL SERVANT', '08037287520', NULL, NULL, '1975-03-08', '03-08', 'AGB/18/0065', '2019-12-31 01:40:17', '2019-12-31 01:40:17', 'female', '2018-06-20'),
(69, 'CHIEF OKPOR FEDELIS', 'chief-okpor-fedelis', NULL, 'NDEMILLI- UTAGBANOR', 'BUSINESS', '08033881878', '07030799254', NULL, '1947-02-28', '02-28', 'AGB/18/0066', '2019-12-31 01:45:28', '2019-12-31 01:45:28', 'male', '2018-06-21'),
(70, 'MR AFFAM COLLINS', 'mr-affam-collins', NULL, '5 UGBO DRIVE UROMI JUNCTION', 'CIVIL SERVANT', '08164762138', '08181458830', NULL, '1973-10-14', '10-14', 'AGB/18/0068', '2019-12-31 01:55:06', '2019-12-31 01:55:06', 'male', '2018-06-22'),
(71, 'MRS OGBEIDE HELEN', 'mrs-ogbeide-helen', NULL, 'DDPA HOUSING ESTATE', 'BUSINESS', '08064682095', NULL, NULL, '1975-11-26', '11-26', 'AGB/18/0067', '2019-12-31 02:03:06', '2019-12-31 02:03:06', 'female', '2018-06-22'),
(72, 'MR EDO LUCKY', 'mr-edo-lucky', NULL, '7 EKUKU AGBOR ROAD OYOKO ABAVO', 'CIVIL SERVANT', '08101701061', NULL, NULL, '1974-02-14', '02-14', 'AGB/18/0069', '2019-12-31 02:07:18', '2019-12-31 02:07:18', 'male', '2018-06-22'),
(73, 'MRS OGBUE ROSE', 'mrs-ogbue-rose', NULL, 'OGWASHI-UKU', 'NIL', '08028908738', '08038348975', 'MRS OKONKWOR ELIZABETH', '1948-01-01', '01-01', 'AGB/18/0070', '2019-12-31 02:14:23', '2019-12-31 02:14:23', 'female', '2018-06-23'),
(74, 'MRS KASIM FIDELIA', 'mrs-kasim-fidelia', NULL, '21 MEMEH STREET BB OWA', 'CIVIL SERVANT', '0803871190', NULL, NULL, '1964-10-29', '10-29', 'AGB/18/0072', '2019-12-31 02:24:47', '2019-12-31 02:24:47', 'female', '2018-06-25'),
(75, 'MISS AKPE FAVOUR', 'miss-akpe-favour', NULL, '28 ABIAMUWE STREET UMUNEDE', 'STUDENT', '08167142565', '07061116218', 'MRS AKPE THERESA', '1999-07-31', '07-31', 'AGB/18/0073', '2019-12-31 02:31:27', '2019-12-31 02:31:27', 'female', '2018-06-26'),
(76, 'MISS NKOBI ISIOMA', 'miss-nkobi-isioma', NULL, '35 KELUBIA STREET AGBOR OBI', 'STUDENT', '08130587127', NULL, NULL, '1996-02-07', '02-07', 'AGB/18/0074', '2019-12-31 02:41:15', '2019-12-31 02:41:15', 'female', '2018-06-27'),
(77, 'MRS MORKA PATIENCE', 'mrs-morka-patience', NULL, '42 MELEKWE STREET BB OWA', 'CIVIL SERVANT', '08169228873', NULL, NULL, '0957-03-31', '03-31', 'AGB/18/0075', '2019-12-31 02:58:40', '2019-12-31 02:58:40', 'female', '2018-06-27'),
(78, 'MRS MICHEAL LUCY', 'mrs-micheal-lucy', NULL, '29 ISEDE STREET AGBOR', 'TRADING', '07035449447', NULL, NULL, '2018-01-01', '01-01', 'AGB/18/0076', '2019-12-31 03:08:23', '2019-12-31 03:08:23', 'female', '2018-06-28'),
(79, 'MRS IYAWA AUGUSTINA', 'mrs-iyawa-augustina', NULL, '17 OSA LANE BEHIND MTD AGBOR OBI', 'CIVIL SERRVANT', '08145454452', NULL, NULL, '1966-08-15', '08-15', 'AGB/18/0077', '2019-12-31 03:16:06', '2019-12-31 03:16:06', 'female', '2010-06-28'),
(80, 'MISS NKEONYEASUA GIFT', 'miss-nkeonyeasua-gift', 'MRS NKEONYEASUA FAITH', '2 FIDE-EGULEMU STREET BB OWA', 'STUDENT', NULL, '08132843017', NULL, '2004-10-10', '10-10', 'AGB/18/0071', '2020-01-01 01:19:14', '2020-01-01 01:19:14', 'female', '2015-06-25'),
(81, 'MRS AGHAULOR GRACE', 'mrs-aghaulor-grace', NULL, 'OGBEMUDIEN AGBOR OBI', 'NIL', NULL, '08145454452', NULL, '2018-01-01', '01-01', 'AGB/18/0078', '2020-01-01 01:38:19', '2020-01-01 01:38:19', 'female', '2018-06-27'),
(82, 'MRS NWOBI OGECHUKWU', 'mrs-nwobi-ogechukwu', NULL, 'No 31 ORUBOR STREET AGBOR', 'BUSINESS', '08033741477', NULL, NULL, '1974-07-15', '07-15', 'AGB/18/0079', '2020-01-01 01:50:23', '2020-01-01 01:50:23', 'female', '2018-06-29'),
(83, 'MISS OGOCHUKWU MACKELLI', 'miss-ogochukwu-mackelli', 'MRS ANYIAWE C U', '40 JERRY CLOSE', 'STUDENT', NULL, '08036861630', NULL, '2003-03-17', '03-17', 'AGB/18/0080', '2020-01-01 01:57:51', '2020-01-01 01:57:51', 'female', '2018-06-29'),
(84, 'MRS EGHO VICTORIA', 'mrs-egho-victoria', NULL, '100 OLD LAGOS ASABA ROAD', 'CIVIL SERVANT', '07035644534', NULL, NULL, '1965-08-08', '08-08', 'AGB/18/0081', '2020-01-01 02:05:05', '2020-01-01 02:05:05', 'female', '2018-06-29'),
(85, 'MRS AGBOHA  DUPE', 'mrs-agboha-dupe', NULL, '1 ABUDA LANE', 'BUSINESS', '08066475469', NULL, NULL, '2018-01-01', '01-01', 'AGB/18/0082', '2020-01-01 02:10:04', '2020-01-01 02:10:04', 'female', '2018-07-01'),
(86, 'MRS IBUDE CHRISTIANA', 'mrs-ibude-christiana', NULL, '5 ZION LANE OFF AJUEBOR STREET BB OWA', 'CIVIL SERVANT', '08034224544', NULL, NULL, '1956-12-13', '12-13', 'AGB/18/0083', '2020-01-01 02:28:07', '2020-01-01 02:28:07', 'female', '2018-07-01'),
(87, 'MRS OSAGIE CAROLINE I', 'mrs-osagie-caroline-i', NULL, '16 EBONY CLOSE BY DR WHYTE', 'CIVIL SERVANT (RETIRED)', '07031832420', NULL, NULL, '1951-10-05', '10-05', 'AGB/18/0084', '2020-01-03 01:28:02', '2020-01-03 01:28:02', 'female', '2018-07-01'),
(88, 'MRS EGILIWEBI ESTHER', 'mrs-egiliwebi-esther', NULL, '53 ST PATRICK STREET BB OWA', 'CIVIL SERVANT', '07037098849', NULL, NULL, '1962-06-16', '06-16', 'AGB/18/0085', '2020-01-03 01:54:02', '2020-01-03 01:54:02', 'female', '2018-07-06'),
(89, 'MR ODIASE MARTINS', 'mr-odiase-martins', NULL, '8 OGALA STREET', 'CIVIL SERVANT', '08037420774', NULL, NULL, '1959-09-21', '09-21', 'AGB/18/0086', '2020-01-03 02:25:18', '2020-01-03 02:25:18', 'male', '2018-07-02'),
(90, 'MRS ISAAC MAGARETH', 'mrs-isaac-magareth', NULL, 'Opposite Dr whyte street Across Express', 'business', '08038758273', NULL, NULL, '1973-03-11', '03-11', 'AGB/18/0087', '2020-01-04 02:30:19', '2020-01-04 02:30:19', 'female', '2018-07-03'),
(91, 'MRS MBUDICHE FLORENCE .I.', 'mrs-mbudiche-florence-i', NULL, 'ISIOMA STREET BB OWA', 'CIVIL SERVANT', '08039534831', NULL, NULL, '1973-06-19', '06-19', 'AGB/18/0088', '2020-01-07 05:55:02', '2020-01-07 05:55:02', 'female', '2018-07-04');

-- --------------------------------------------------------

--
-- Table structure for table `relatedfiles`
--

CREATE TABLE `relatedfiles` (
  `id` int(10) UNSIGNED NOT NULL,
  `patient_id` int(10) UNSIGNED NOT NULL,
  `record` longtext COLLATE utf8mb4_unicode_ci NOT NULL,
  `created_at` timestamp NULL DEFAULT NULL,
  `updated_at` timestamp NULL DEFAULT NULL
) ENGINE=InnoDB DEFAULT CHARSET=utf8mb4 COLLATE=utf8mb4_unicode_ci;

--
-- Dumping data for table `relatedfiles`
--

INSERT INTO `relatedfiles` (`id`, `patient_id`, `record`, `created_at`, `updated_at`) VALUES
(1, 8, '<p>18/ 07/2018</p><p>tab vision plus</p><p><br></p><p>24/07/2018</p><p><br></p>', '2019-12-15 16:09:14', '2019-12-15 16:09:14'),
(2, 10, '<p>25 FEBURARY 2019&nbsp;</p><p>CC: Check-up&nbsp;</p><p>VISUAL ACUITY:R 6/6-2 .L6/6-3.</p><p>AUTOREFRACTOMETRY:&nbsp;</p><p>RE: +1.75 - 0.75X87</p><p>LE: +2.00 - 0.75X92</p><p>OPHTHALMOSCOPY&nbsp;</p><p>OU: 0.2&nbsp;</p><p>SUBJECTIVE-OU:PLANO</p><p>ADD+1.75(+2.00)</p><p>ASSESSEMENT/PLAN</p><p>1.Get glassess</p><p>2.Gutt betnene bd x2/52(ou)</p><p>3.Reading glasses FREE</p><p>4.Transfer of lenses and cheap frame FREE.</p><p><br></p>', '2019-12-17 02:50:14', '2019-12-17 03:10:16'),
(3, 47, '<p>8/8/18</p><p>gutt timolo and tab antioxidants</p><p><br></p><p>20/8/2018</p><p>cc want to test for glasses</p><p><br></p>', '2019-12-25 02:42:10', '2019-12-25 02:42:10'),
(4, 56, '<p>01/10/2018</p><p><br></p><p>cc: Left eye pain started @ days ago&nbsp;</p><p>VA&nbsp;</p><p>R &nbsp;6/6-2</p><p>L &nbsp;6/9+</p><p><br></p><p>EE &nbsp; &nbsp; OU: PERRLA</p><p>AUTO&nbsp;</p><p>R +0.75-0.25 X 48</p><p>L +0.50-0.25 X 87</p><p>OPHTHALMOSCOPY&nbsp;</p><p>R 70%</p><p>L %0%</p><p><br></p><p>PLAN</p><p>1. Continue with optimolol</p><p>2. Gutt diclofen i tds x1/12 (OU)&nbsp;</p>', '2019-12-28 00:38:20', '2019-12-28 00:38:20'),
(5, 66, '<p>11/07/2018 &nbsp;</p><p>CC &nbsp; &nbsp;LE is red and seriously paining her&nbsp;</p><p>VA&nbsp;</p><p>LE......6/60</p><p>EE &nbsp; &nbsp;LE didnt stain with floresciene&nbsp;</p><p>Dx &nbsp;LE infammed pterygium&nbsp;</p><p><br></p><p>PLAN&nbsp;</p><p>1. gutt diclosphere i tds x1/212(LE)&nbsp;</p><p>2. tab prednisolone i daily x 4/7</p><p>3. tab vitamin C ii tds&nbsp;</p><p>4. to do pterygium excssion on BE&nbsp;</p>', '2019-12-28 04:17:46', '2019-12-28 04:17:46'),
(6, 67, '<p>28/6/2018&nbsp;</p><p>CC: &nbsp; sand entered his RE while riding bike yesterday.&nbsp;</p><p>VISUAL ACUITY&nbsp;</p><p>RE &nbsp; 6/18</p><p>LE &nbsp;6/9</p><p>EXTERNAL EXAMINATION&nbsp;</p><p>RE: Localized redness, scar around the corea, stained with floresciene&nbsp;</p><p>LE: PERRLA / NAD&nbsp;</p><p>DIAGNOSIS&nbsp;</p><p>RE foreign body &nbsp;and corena ulcer&nbsp;</p><p><u>PLAN</u></p><p>1. Remove foreign body&nbsp;</p><p>2. Instilled mydracyl</p><p>3. &nbsp;Gutt ciprofloxacin i drop i hourly x2/52 (RE)&nbsp;</p><p><br></p><p><br></p><p>29/6/2018</p><p>cc &nbsp; check up</p><p>\r\n\r\n</p><p>VISUAL ACUITY </p><p>RE &nbsp; 6/18+1</p><p>LE &nbsp;6/9</p><p>EXTERNAL EXAMINATION </p><p>RE: &nbsp;stained with florescien</p><p><br></p><p><u>PLAN</u></p>\r\n\r\n1. Instill mydracyl&nbsp;<p></p><p>2. Continue with medications &nbsp; &nbsp; &nbsp; &nbsp; &nbsp;RTC X2<small></small></p><p><br></p><p>\r\n\r\n</p><p>3/7/2018</p><p>cc &nbsp; check up</p><p>\r\n\r\n</p><p>VISUAL ACUITY </p><p>RE &nbsp; 6/18+1</p><p>LE &nbsp;6/12</p><p>EXTERNAL EXAMINATION </p><p>RE: &nbsp;No stain with florescien</p><p><br></p><p><u>PLAN</u></p>\r\n\r\n1. Instill mydracyl <p></p><p>2. Continue with medications &nbsp; &nbsp; &nbsp; &nbsp; &nbsp;RTC X3/7 (FOR REFRACTION)<small></small></p><p></p>\r\n\r\n<br><p></p>', '2019-12-31 01:38:19', '2019-12-31 01:38:19'),
(7, 73, '<p>07/07/2018&nbsp;</p><p>CC &nbsp; CHECK UP&nbsp;</p><p>VISUAL ACUITY&nbsp;</p><p>RE CF</p><p>LE CF CTN&nbsp;</p><p>OPHTHALMOSCOPY&nbsp;</p><p>OU: &nbsp;0.35/ELO</p><p>DIAGNOSIS: AGED RETINAL DEGENERATION AND MACULOPATHY&nbsp;</p><p><u>PLAN&nbsp;</u><br></p><p>1. EDUCATION AND COUNSEL<u><br></u></p><p>2. CONTINUE WITH MEDICATIONS&nbsp;</p><p>3. TAB ANTIOXIDANTS I DAILY X 1/12</p>', '2019-12-31 02:23:16', '2019-12-31 02:23:16'),
(8, 76, '<p>16/12/2019&nbsp;</p><p>CC: REACTION TO EXCESSIVE LIGHT/SUNLIGHT.</p><p>OCCASIONAL PAIN AND ITCHING AND HEADACHE.</p><p>SWOLLEN EYES ARE NOW RESOLVED&nbsp;</p><p><br></p><p>VISUAL ACUITY&nbsp;</p><p>RE 6/6</p><p>LE 6/6</p><p>EXTERNAL EXAMINATION&nbsp;</p><p>OU: PERRLA&nbsp;</p><p>OPHTHALMOSCOPY&nbsp;</p><p>OU: 35%&nbsp;</p><p>AUTOREFRACTOMETRY&nbsp;</p><p>RE -0.25-0.25X36</p><p>LE Plano-0.25X44</p><p>SUBJECTIVE REFRACCTION</p><p>OD +0.50&nbsp;</p><p>OS &nbsp;+0.50&nbsp;</p><p>PLAN&nbsp;</p><p>1. GET TRANSITION GKASSES&nbsp;</p>', '2019-12-31 02:53:08', '2019-12-31 02:53:08'),
(9, 79, '<p>13/12/2019&nbsp;</p><p>cc: &nbsp;something hit her RE. Feeling pains and seems its swollen. happened 3 days ago.</p><p>visual acuity&nbsp;</p><p>RE 6/6-1</p><p>LE 6/9+1&nbsp;</p><p>EXTERNAL EXAM&nbsp;</p><p>OU: PERRLA&nbsp;</p><p>OPHTH</p><p>OU: 30%&nbsp;</p><p>AUTOREF</p><p>RE +1.00-0.50X69</p><p>LE +1.50-1.00X70</p><p>PLAN</p><p>1. Education and counsell</p><p>1. Gutt ciprofloxacin i bd x2/52</p><p>3. Tab antioxidants i daily&nbsp;</p><p>4. Tab yeast ii 2x daily&nbsp;</p>', '2019-12-31 03:25:12', '2019-12-31 03:25:12'),
(10, 80, '<p>12/03/2019&nbsp;</p><p>CC &nbsp; &nbsp;Eyes are paining her. used medications given and was relieved. now feeling pain again&nbsp;</p><p>VA &nbsp; &nbsp; &nbsp; &nbsp; &nbsp;RE 6/6+&nbsp;</p><p>LE 6/6-<br></p><p>EE&nbsp;OU &nbsp;PERRLA&nbsp;</p><p>OPHTH &nbsp; &nbsp; OU &nbsp;0.2&nbsp;</p><p>AUTO REF &nbsp; &nbsp; &nbsp; &nbsp;RE -0.50&nbsp;</p><p> &nbsp;LE 0.00<br></p><p>SUBJECTIVE &nbsp;&nbsp;OU +0.25DS&nbsp;</p><p>PLAN&nbsp;</p><p>1. Gutt Betnew i bd x 2/52&nbsp;</p><p>2. Get glasses&nbsp;</p><p>3. Oint chloramphenicol nocte x1/52 (OU)&nbsp;</p><p><br></p><p><br></p><p>21/05/2019&nbsp;</p><p>\r\n\r\n</p><p>CC &nbsp; &nbsp;Feeling HA and started yesterday&nbsp;</p><p>VA &nbsp; &nbsp; &nbsp; &nbsp; &nbsp;RE 6/6</p><p>LE 6/6<br></p><p>EE OU &nbsp;PERRLA </p><p>OPHTH &nbsp; &nbsp; OU &nbsp;0.2 </p><p>PLAN<br></p><p>1. Gutt Betnew i bd x 2/52</p><p>2. Tab Yeast&nbsp;</p><p>3. Tab Vit C</p><p><br></p><p>25/10/2019&nbsp;</p><p>\r\n\r\n</p><p>CC &nbsp; &nbsp;Pain in her RE, started yesterday. She &nbsp;used onions extract. and wants her lens tint reduced.&nbsp;</p><p>VA &nbsp; &nbsp; &nbsp; &nbsp; &nbsp;RE 6/6</p><p>LE 6/6<br></p><p>EE OU &nbsp;PERRLA </p><p>OPHTH &nbsp; &nbsp; OU &nbsp;0.25</p><p>AUTO REF &nbsp; &nbsp; &nbsp; &nbsp;RE -0.75-0.50x64</p><p> &nbsp;LE -1.00</p><p>PLAN </p><p>1. Education and counsel</p><p>2. Vit C&nbsp;</p>\r\n\r\n<br><p></p>\r\n\r\n<br><p></p>', '2020-01-01 01:35:16', '2020-01-01 01:35:16'),
(11, 85, '<p>01/02/2019&nbsp;</p><p>CC&nbsp;Pain in BE but more in LE. Started a week ago, feels more pain when touched.</p><p>VA&nbsp;RE 6/60</p><p>LE CF @1m&nbsp;</p><p>OPHTH&nbsp;OU: &nbsp;0.1&nbsp;</p><p>Dx:&nbsp;Ocular pain and Dry eyes&nbsp;</p><p>PLAN&nbsp;</p><p>1. Gutt Diclofen i tds x2/52 (ou)</p><p>2. Gutt Mandanol i tds x 1/12 (ou)&nbsp;</p>', '2020-01-01 02:24:59', '2020-01-01 02:24:59'),
(12, 87, '<p>24/10/2019&nbsp;</p><p>CC Check up. feeling HA with her old glasses&nbsp;</p><p>VA &nbsp; RE 6/9+1&nbsp;</p><p> LE 6/9-1&nbsp;<br></p><p>OPTH&nbsp;OU:&nbsp;0.35/ELO&nbsp;</p><p>AUTO&nbsp;RE +2.00-0.75X74</p><p>LR&nbsp;\r\n\r\n+2.00-1.00X798<br></p><p>SUBJECTIVE REF&nbsp;</p><p>OD +0.50<br></p><p>OS +0.50&nbsp;<br></p><p>ADD +3.00</p><p>PLAN&nbsp;</p><p>1. Tab antioxidants i daily&nbsp;</p><p>2. Get glasses</p><p><br></p><p>4/11/2019</p><p>gave her oint chloramphenicol nocte x3/7</p><p>replaced missing glasses</p>', '2020-01-03 01:40:58', '2020-01-03 01:40:58'),
(13, 88, '<p>14/09/2019</p><p>CC:&nbsp;Need lenses for sight only&nbsp;</p><p>VA&nbsp;RE 6/18.&nbsp;LE 6/13</p><p>OPHTH&nbsp;OU: ELO&nbsp;</p><p>DFE:&nbsp;OD: Central LO, 20%OS: minute LO, 15%</p><p>AUTO REF&nbsp;OU: no reflex&nbsp;</p><p>SUBJ </p><p>OD: &nbsp;+1.00-1.00x180</p><p>OS: &nbsp;+0.50-1.00x180</p><p>Plan&nbsp;</p><p>1. Get glasses&nbsp;</p><p>2. Tab antioxidants i daily x1/12 (prn)</p><p>3. To do FBS test&nbsp;</p>', '2020-01-03 02:10:57', '2020-01-03 02:10:57'),
(14, 89, '<p>14/08/2019</p><p>CC: Check up&nbsp;</p><p>VA&nbsp;RE: LP.&nbsp;LE :3/18&nbsp;</p><p>EE: OU RAPD, Fixed dialated pupil&nbsp;</p><p>OPHTH&nbsp;OU: 90%, LE Maculopathy&nbsp;</p><p>PLAN&nbsp;</p><p>1. Tab vision plus i daily</p><p>2. continue with medications &nbsp;</p>', '2020-01-03 02:44:01', '2020-01-03 02:44:01');

-- --------------------------------------------------------

--
-- Table structure for table `users`
--

CREATE TABLE `users` (
  `id` int(10) UNSIGNED NOT NULL,
  `name` varchar(191) COLLATE utf8mb4_unicode_ci NOT NULL,
  `email` varchar(191) COLLATE utf8mb4_unicode_ci NOT NULL,
  `password` varchar(191) COLLATE utf8mb4_unicode_ci NOT NULL,
  `remember_token` varchar(100) COLLATE utf8mb4_unicode_ci DEFAULT NULL,
  `created_at` timestamp NULL DEFAULT NULL,
  `updated_at` timestamp NULL DEFAULT NULL
) ENGINE=InnoDB DEFAULT CHARSET=utf8mb4 COLLATE=utf8mb4_unicode_ci;

--
-- Dumping data for table `users`
--

INSERT INTO `users` (`id`, `name`, `email`, `password`, `remember_token`, `created_at`, `updated_at`) VALUES
(1, 'Imakulateeyeclinic', 'imakulateeyeclinic@gmail.com', '$2y$10$4/r1xjkufMdtCf8uF2YqcOIMDLh1pbIeRgHB5dv4pBS28KXVZYjvy', 'JzYTmJsnOnZHBE7hJZcmgm1OWjqgvFWIiRFB8jSVdik66QTpWQGfOpt0xZv2', '2019-12-11 19:38:41', '2019-12-15 16:11:10');

--
-- Indexes for dumped tables
--

--
-- Indexes for table `casefiles`
--
ALTER TABLE `casefiles`
  ADD PRIMARY KEY (`id`),
  ADD KEY `casefiles_patient_id_foreign` (`patient_id`);

--
-- Indexes for table `migrations`
--
ALTER TABLE `migrations`
  ADD PRIMARY KEY (`id`);

--
-- Indexes for table `notifications`
--
ALTER TABLE `notifications`
  ADD PRIMARY KEY (`id`),
  ADD KEY `notifications_notifiable_type_notifiable_id_index` (`notifiable_type`,`notifiable_id`);

--
-- Indexes for table `password_resets`
--
ALTER TABLE `password_resets`
  ADD KEY `password_resets_email_index` (`email`);

--
-- Indexes for table `patients`
--
ALTER TABLE `patients`
  ADD PRIMARY KEY (`id`),
  ADD UNIQUE KEY `patients_cliniccardnumber_unique` (`cliniccardnumber`);

--
-- Indexes for table `relatedfiles`
--
ALTER TABLE `relatedfiles`
  ADD PRIMARY KEY (`id`),
  ADD KEY `relatedfiles_patient_id_foreign` (`patient_id`);

--
-- Indexes for table `users`
--
ALTER TABLE `users`
  ADD PRIMARY KEY (`id`),
  ADD UNIQUE KEY `users_email_unique` (`email`);

--
-- AUTO_INCREMENT for dumped tables
--

--
-- AUTO_INCREMENT for table `casefiles`
--
ALTER TABLE `casefiles`
  MODIFY `id` int(10) UNSIGNED NOT NULL AUTO_INCREMENT, AUTO_INCREMENT=88;

--
-- AUTO_INCREMENT for table `migrations`
--
ALTER TABLE `migrations`
  MODIFY `id` int(10) UNSIGNED NOT NULL AUTO_INCREMENT, AUTO_INCREMENT=7;

--
-- AUTO_INCREMENT for table `patients`
--
ALTER TABLE `patients`
  MODIFY `id` int(10) UNSIGNED NOT NULL AUTO_INCREMENT, AUTO_INCREMENT=92;

--
-- AUTO_INCREMENT for table `relatedfiles`
--
ALTER TABLE `relatedfiles`
  MODIFY `id` int(10) UNSIGNED NOT NULL AUTO_INCREMENT, AUTO_INCREMENT=15;

--
-- AUTO_INCREMENT for table `users`
--
ALTER TABLE `users`
  MODIFY `id` int(10) UNSIGNED NOT NULL AUTO_INCREMENT, AUTO_INCREMENT=2;

--
-- Constraints for dumped tables
--

--
-- Constraints for table `casefiles`
--
ALTER TABLE `casefiles`
  ADD CONSTRAINT `casefiles_patient_id_foreign` FOREIGN KEY (`patient_id`) REFERENCES `patients` (`id`) ON DELETE CASCADE;

--
-- Constraints for table `relatedfiles`
--
ALTER TABLE `relatedfiles`
  ADD CONSTRAINT `relatedfiles_patient_id_foreign` FOREIGN KEY (`patient_id`) REFERENCES `patients` (`id`) ON DELETE CASCADE;
COMMIT;

/*!40101 SET CHARACTER_SET_CLIENT=@OLD_CHARACTER_SET_CLIENT */;
/*!40101 SET CHARACTER_SET_RESULTS=@OLD_CHARACTER_SET_RESULTS */;
/*!40101 SET COLLATION_CONNECTION=@OLD_COLLATION_CONNECTION */;
